City,State,Date,Avg_List_Price
New York,NY,RegionID,394913.0
Los Angeles-Long Beach-Anaheim,CA,RegionID,753899.0
Chicago,IL,RegionID,394463.0
Dallas-Fort Worth,TX,RegionID,394514.0
Philadelphia,PA,RegionID,394974.0
Houston,TX,RegionID,394692.0
Washington,DC,RegionID,395209.0
Miami-Fort Lauderdale,FL,RegionID,394856.0
Atlanta,GA,RegionID,394347.0
Boston,MA,RegionID,394404.0
San Francisco,CA,RegionID,395057.0
Detroit,MI,RegionID,394532.0
Riverside,CA,RegionID,395025.0
Phoenix,AZ,RegionID,394976.0
Seattle,WA,RegionID,395078.0
Minneapolis-St Paul,MN,RegionID,394865.0
San Diego,CA,RegionID,395056.0
St. Louis,MO,RegionID,395121.0
Tampa,FL,RegionID,395148.0
Baltimore,MD,RegionID,394358.0
Denver,CO,RegionID,394530.0
Pittsburgh,PA,RegionID,394982.0
Portland,OR,RegionID,394998.0
Charlotte,NC,RegionID,394458.0
Sacramento,CA,RegionID,395045.0
San Antonio,TX,RegionID,395055.0
Orlando,FL,RegionID,394943.0
Cincinnati,OH,RegionID,394466.0
Cleveland,OH,RegionID,394475.0
Kansas City,MO,RegionID,394735.0
Las Vegas,NV,RegionID,394775.0
Columbus,OH,RegionID,394492.0
Indianapolis,IN,RegionID,394705.0
San Jose,CA,RegionID,395059.0
Austin,TX,RegionID,394355.0
Virginia Beach,VA,RegionID,395194.0
Nashville,TN,RegionID,394902.0
Providence,RI,RegionID,395005.0
Milwaukee,WI,RegionID,394862.0
Jacksonville,FL,RegionID,394714.0
Memphis,TN,RegionID,394849.0
Oklahoma City,OK,RegionID,394935.0
Louisville-Jefferson County,KY,RegionID,394807.0
Hartford,CT,RegionID,394669.0
Richmond,VA,RegionID,395022.0
New Orleans,LA,RegionID,394910.0
Buffalo,NY,RegionID,394425.0
Raleigh,NC,RegionID,395012.0
Birmingham,AL,RegionID,394388.0
Salt Lake City,UT,RegionID,395053.0
Rochester,NY,RegionID,395031.0
Grand Rapids,MI,RegionID,394640.0
Tucson,AZ,RegionID,395167.0
Urban Honolulu,HI,RegionID,753924.0
Tulsa,OK,RegionID,395169.0
Fresno,CA,RegionID,394619.0
Worcester,MA,RegionID,395238.0
Stamford,CT,RegionID,394415.0
Albuquerque,NM,RegionID,394312.0
Albany,NY,RegionID,394308.0
Omaha,NE,RegionID,394938.0
New Haven,CT,RegionID,394908.0
Bakersfield,CA,RegionID,394357.0
Knoxville,TN,RegionID,394753.0
Greenville,SC,RegionID,394653.0
Ventura,CA,RegionID,394952.0
Allentown,PA,RegionID,394318.0
El Paso,TX,RegionID,394561.0
Baton Rouge,LA,RegionID,394367.0
Dayton,OH,RegionID,394521.0
McAllen,TX,RegionID,394843.0
Columbia,SC,RegionID,394486.0
Greensboro,NC,RegionID,394648.0
Akron,OH,RegionID,394304.0
North Port-Sarasota-Bradenton,FL,RegionID,753906.0
Little Rock,AR,RegionID,394798.0
Stockton,CA,RegionID,395134.0
Charleston,SC,RegionID,394457.0
Syracuse,NY,RegionID,395143.0
Colorado Springs,CO,RegionID,394484.0
Winston-Salem,NC,RegionID,395235.0
Wichita,KS,RegionID,395224.0
Springfield,MA,RegionID,395115.0
Fort Myers,FL,RegionID,394440.0
Boise City,ID,RegionID,394399.0
Toledo,OH,RegionID,395160.0
Madison,WI,RegionID,394816.0
Lakeland,FL,RegionID,394766.0
Ogden,UT,RegionID,394931.0
Daytona Beach,FL,RegionID,394528.0
Des Moines,IA,RegionID,394531.0
Provo,UT,RegionID,395006.0
Durham,NC,RegionID,394549.0
Fort Collins,CO,RegionID,394602.0
New York,NY,2020-06-30,602296.0
Los Angeles-Long Beach-Anaheim,CA,2020-06-30,895333.0
Chicago,IL,2020-06-30,336833.0
Dallas-Fort Worth,TX,2020-06-30,348133.0
Philadelphia,PA,2020-06-30,311333.0
Houston,TX,2020-06-30,316554.0
Washington,DC,2020-06-30,531633.0
Miami-Fort Lauderdale,FL,2020-06-30,397530.0
Atlanta,GA,2020-06-30,336735.0
Boston,MA,2020-06-30,623267.0
San Francisco,CA,2020-06-30,951031.0
Detroit,MI,2020-06-30,261250.0
Riverside,CA,2020-06-30,434667.0
Phoenix,AZ,2020-06-30,378574.0
Seattle,WA,2020-06-30,660000.0
Minneapolis-St Paul,MN,2020-06-30,392994.0
San Diego,CA,2020-06-30,781633.0
St. Louis,MO,2020-06-30,254797.0
Tampa,FL,2020-06-30,280110.0
Baltimore,MD,2020-06-30,356143.0
Denver,CO,2020-06-30,541633.0
Pittsburgh,PA,2020-06-30,214900.0
Portland,OR,2020-06-30,482329.0
Charlotte,NC,2020-06-30,351825.0
Sacramento,CA,2020-06-30,527967.0
San Antonio,TX,2020-06-30,293787.0
Orlando,FL,2020-06-30,320267.0
Cincinnati,OH,2020-06-30,321496.0
Cleveland,OH,2020-06-30,209600.0
Kansas City,MO,2020-06-30,359633.0
Las Vegas,NV,2020-06-30,330333.0
Columbus,OH,2020-06-30,336567.0
Indianapolis,IN,2020-06-30,302495.0
San Jose,CA,2020-06-30,1209333.0
Austin,TX,2020-06-30,363067.0
Virginia Beach,VA,2020-06-30,307808.0
Nashville,TN,2020-06-30,368297.0
Providence,RI,2020-06-30,408938.0
Milwaukee,WI,2020-06-30,258233.0
Jacksonville,FL,2020-06-30,312330.0
Memphis,TN,2020-06-30,253739.0
Oklahoma City,OK,2020-06-30,293294.0
Louisville-Jefferson County,KY,2020-06-30,296567.0
Hartford,CT,2020-06-30,328243.0
Richmond,VA,2020-06-30,372098.0
New Orleans,LA,2020-06-30,282600.0
Buffalo,NY,2020-06-30,225258.0
Raleigh,NC,2020-06-30,369117.0
Birmingham,AL,2020-06-30,278233.0
Salt Lake City,UT,2020-06-30,481826.0
Rochester,NY,2020-06-30,267032.0
Grand Rapids,MI,2020-06-30,319933.0
Tucson,AZ,2020-06-30,308933.0
Urban Honolulu,HI,2020-06-30,606333.0
Tulsa,OK,2020-06-30,260645.0
Fresno,CA,2020-06-30,370574.0
Worcester,MA,2020-06-30,371992.0
Stamford,CT,2020-06-30,772142.0
Albuquerque,NM,2020-06-30,320154.0
Albany,NY,2020-06-30,298201.0
Omaha,NE,2020-06-30,327820.0
New Haven,CT,2020-06-30,331103.0
Bakersfield,CA,2020-06-30,276633.0
Knoxville,TN,2020-06-30,318300.0
Greenville,SC,2020-06-30,279118.0
Ventura,CA,2020-06-30,808167.0
Allentown,PA,2020-06-30,299574.0
El Paso,TX,2020-06-30,204992.0
Baton Rouge,LA,2020-06-30,253300.0
Dayton,OH,2020-06-30,222039.0
McAllen,TX,2020-06-30,207933.0
Columbia,SC,2020-06-30,236177.0
Greensboro,NC,2020-06-30,275867.0
Akron,OH,2020-06-30,178267.0
North Port-Sarasota-Bradenton,FL,2020-06-30,368330.0
Little Rock,AR,2020-06-30,206227.0
Stockton,CA,2020-06-30,428400.0
Charleston,SC,2020-06-30,382707.0
Syracuse,NY,2020-06-30,184902.0
Colorado Springs,CO,2020-06-30,484581.0
Winston-Salem,NC,2020-06-30,295922.0
Wichita,KS,2020-06-30,248383.0
Springfield,MA,2020-06-30,308261.0
Fort Myers,FL,2020-06-30,265710.0
Boise City,ID,2020-06-30,403294.0
Toledo,OH,2020-06-30,190100.0
Madison,WI,2020-06-30,354600.0
Lakeland,FL,2020-06-30,242448.0
Ogden,UT,2020-06-30,418128.0
Daytona Beach,FL,2020-06-30,282300.0
Des Moines,IA,2020-06-30,273567.0
Provo,UT,2020-06-30,429265.0
Durham,NC,2020-06-30,397889.0
Fort Collins,CO,2020-06-30,460783.0
New York,NY,2020-07-31,612596.0
Los Angeles-Long Beach-Anaheim,CA,2020-07-31,927667.0
Chicago,IL,2020-07-31,343800.0
Dallas-Fort Worth,TX,2020-07-31,354800.0
Philadelphia,PA,2020-07-31,323333.0
Houston,TX,2020-07-31,322456.0
Washington,DC,2020-07-31,544300.0
Miami-Fort Lauderdale,FL,2020-07-31,397862.0
Atlanta,GA,2020-07-31,344568.0
Boston,MA,2020-07-31,639933.0
San Francisco,CA,2020-07-31,984364.0
Detroit,MI,2020-07-31,277917.0
Riverside,CA,2020-07-31,446333.0
Phoenix,AZ,2020-07-31,388574.0
Seattle,WA,2020-07-31,668667.0
Minneapolis-St Paul,MN,2020-07-31,394691.0
San Diego,CA,2020-07-31,814967.0
St. Louis,MO,2020-07-31,259763.0
Tampa,FL,2020-07-31,286231.0
Baltimore,MD,2020-07-31,363008.0
Denver,CO,2020-07-31,546633.0
Pittsburgh,PA,2020-07-31,227597.0
Portland,OR,2020-07-31,492148.0
Charlotte,NC,2020-07-31,362320.0
Sacramento,CA,2020-07-31,537667.0
San Antonio,TX,2020-07-31,297300.0
Orlando,FL,2020-07-31,324967.0
Cincinnati,OH,2020-07-31,333163.0
Cleveland,OH,2020-07-31,218267.0
Kansas City,MO,2020-07-31,364950.0
Las Vegas,NV,2020-07-31,335333.0
Columbus,OH,2020-07-31,344933.0
Indianapolis,IN,2020-07-31,311165.0
San Jose,CA,2020-07-31,1238000.0
Austin,TX,2020-07-31,374269.0
Virginia Beach,VA,2020-07-31,313399.0
Nashville,TN,2020-07-31,374933.0
Providence,RI,2020-07-31,419462.0
Milwaukee,WI,2020-07-31,263233.0
Jacksonville,FL,2020-07-31,317967.0
Memphis,TN,2020-07-31,260406.0
Oklahoma City,OK,2020-07-31,299081.0
Louisville-Jefferson County,KY,2020-07-31,299600.0
Hartford,CT,2020-07-31,338503.0
Richmond,VA,2020-07-31,379324.0
New Orleans,LA,2020-07-31,288433.0
Buffalo,NY,2020-07-31,231778.0
Raleigh,NC,2020-07-31,378235.0
Birmingham,AL,2020-07-31,282387.0
Salt Lake City,UT,2020-07-31,493385.0
Rochester,NY,2020-07-31,268739.0
Grand Rapids,MI,2020-07-31,321600.0
Tucson,AZ,2020-07-31,319933.0
Urban Honolulu,HI,2020-07-31,608000.0
Tulsa,OK,2020-07-31,268666.0
Fresno,CA,2020-07-31,380559.0
Worcester,MA,2020-07-31,378393.0
Stamford,CT,2020-07-31,791366.0
Albuquerque,NM,2020-07-31,335013.0
Albany,NY,2020-07-31,309221.0
Omaha,NE,2020-07-31,332045.0
New Haven,CT,2020-07-31,345061.0
Bakersfield,CA,2020-07-31,281300.0
Knoxville,TN,2020-07-31,331667.0
Greenville,SC,2020-07-31,284582.0
Ventura,CA,2020-07-31,834800.0
Allentown,PA,2020-07-31,308189.0
El Paso,TX,2020-07-31,208548.0
Baton Rouge,LA,2020-07-31,258133.0
Dayton,OH,2020-07-31,222761.0
McAllen,TX,2020-07-31,214933.0
Columbia,SC,2020-07-31,239382.0
Greensboro,NC,2020-07-31,285997.0
Akron,OH,2020-07-31,184300.0
North Port-Sarasota-Bradenton,FL,2020-07-31,374833.0
Little Rock,AR,2020-07-31,207458.0
Stockton,CA,2020-07-31,439398.0
Charleston,SC,2020-07-31,391125.0
Syracuse,NY,2020-07-31,188308.0
Colorado Springs,CO,2020-07-31,488532.0
Winston-Salem,NC,2020-07-31,304830.0
Wichita,KS,2020-07-31,260950.0
Springfield,MA,2020-07-31,317869.0
Fort Myers,FL,2020-07-31,269845.0
Boise City,ID,2020-07-31,413291.0
Toledo,OH,2020-07-31,200100.0
Madison,WI,2020-07-31,354600.0
Lakeland,FL,2020-07-31,244510.0
Ogden,UT,2020-07-31,433888.0
Daytona Beach,FL,2020-07-31,285500.0
Des Moines,IA,2020-07-31,276057.0
Provo,UT,2020-07-31,445019.0
Durham,NC,2020-07-31,406900.0
Fort Collins,CO,2020-07-31,465666.0
New York,NY,2020-08-31,629263.0
Los Angeles-Long Beach-Anaheim,CA,2020-08-31,958000.0
Chicago,IL,2020-08-31,348800.0
Dallas-Fort Worth,TX,2020-08-31,358133.0
Philadelphia,PA,2020-08-31,333000.0
Houston,TX,2020-08-31,327290.0
Washington,DC,2020-08-31,550967.0
Miami-Fort Lauderdale,FL,2020-08-31,399855.0
Atlanta,GA,2020-08-31,351235.0
Boston,MA,2020-08-31,648267.0
San Francisco,CA,2020-08-31,998667.0
Detroit,MI,2020-08-31,286300.0
Riverside,CA,2020-08-31,461333.0
Phoenix,AZ,2020-08-31,396908.0
Seattle,WA,2020-08-31,671333.0
Minneapolis-St Paul,MN,2020-08-31,392959.0
San Diego,CA,2020-08-31,841267.0
St. Louis,MO,2020-08-31,258967.0
Tampa,FL,2020-08-31,292672.0
Baltimore,MD,2020-08-31,364675.0
Denver,CO,2020-08-31,550000.0
Pittsburgh,PA,2020-08-31,234130.0
Portland,OR,2020-08-31,495977.0
Charlotte,NC,2020-08-31,367699.0
Sacramento,CA,2020-08-31,547667.0
San Antonio,TX,2020-08-31,299933.0
Orlando,FL,2020-08-31,328333.0
Cincinnati,OH,2020-08-31,334363.0
Cleveland,OH,2020-08-31,220967.0
Kansas City,MO,2020-08-31,361617.0
Las Vegas,NV,2020-08-31,341333.0
Columbus,OH,2020-08-31,341600.0
Indianapolis,IN,2020-08-31,316163.0
San Jose,CA,2020-08-31,1255000.0
Austin,TX,2020-08-31,383795.0
Virginia Beach,VA,2020-08-31,316612.0
Nashville,TN,2020-08-31,378267.0
Providence,RI,2020-08-31,425789.0
Milwaukee,WI,2020-08-31,259900.0
Jacksonville,FL,2020-08-31,319300.0
Memphis,TN,2020-08-31,264267.0
Oklahoma City,OK,2020-08-31,300452.0
Louisville-Jefferson County,KY,2020-08-31,297265.0
Hartford,CT,2020-08-31,345036.0
Richmond,VA,2020-08-31,383359.0
New Orleans,LA,2020-08-31,293467.0
Buffalo,NY,2020-08-31,231743.0
Raleigh,NC,2020-08-31,383164.0
Birmingham,AL,2020-08-31,282277.0
Salt Lake City,UT,2020-08-31,499590.0
Rochester,NY,2020-08-31,268596.0
Grand Rapids,MI,2020-08-31,321633.0
Tucson,AZ,2020-08-31,329967.0
Urban Honolulu,HI,2020-08-31,608333.0
Tulsa,OK,2020-08-31,273294.0
Fresno,CA,2020-08-31,387078.0
Worcester,MA,2020-08-31,381897.0
Stamford,CT,2020-08-31,798522.0
Albuquerque,NM,2020-08-31,343360.0
Albany,NY,2020-08-31,315098.0
Omaha,NE,2020-08-31,332079.0
New Haven,CT,2020-08-31,348550.0
Bakersfield,CA,2020-08-31,289300.0
Knoxville,TN,2020-08-31,341667.0
Greenville,SC,2020-08-31,286425.0
Ventura,CA,2020-08-31,858466.0
Allentown,PA,2020-08-31,315476.0
El Paso,TX,2020-08-31,211090.0
Baton Rouge,LA,2020-08-31,264030.0
Dayton,OH,2020-08-31,219981.0
McAllen,TX,2020-08-31,218600.0
Columbia,SC,2020-08-31,241923.0
Greensboro,NC,2020-08-31,291663.0
Akron,OH,2020-08-31,187333.0
North Port-Sarasota-Bradenton,FL,2020-08-31,380500.0
Little Rock,AR,2020-08-31,205919.0
Stockton,CA,2020-08-31,452227.0
Charleston,SC,2020-08-31,396516.0
Syracuse,NY,2020-08-31,188590.0
Colorado Springs,CO,2020-08-31,488532.0
Winston-Salem,NC,2020-08-31,306346.0
Wichita,KS,2020-08-31,264367.0
Springfield,MA,2020-08-31,324087.0
Fort Myers,FL,2020-08-31,271774.0
Boise City,ID,2020-08-31,421627.0
Toledo,OH,2020-08-31,208233.0
Madison,WI,2020-08-31,351300.0
Lakeland,FL,2020-08-31,247302.0
Ogden,UT,2020-08-31,441208.0
Daytona Beach,FL,2020-08-31,287833.0
Des Moines,IA,2020-08-31,275637.0
Provo,UT,2020-08-31,460138.0
Durham,NC,2020-08-31,416606.0
Fort Collins,CO,2020-08-31,467715.0
New York,NY,2020-09-30,642633.0
Los Angeles-Long Beach-Anaheim,CA,2020-09-30,971000.0
Chicago,IL,2020-09-30,349967.0
Dallas-Fort Worth,TX,2020-09-30,359767.0
Philadelphia,PA,2020-09-30,336333.0
Houston,TX,2020-09-30,331506.0
Washington,DC,2020-09-30,548217.0
Miami-Fort Lauderdale,FL,2020-09-30,401847.0
Atlanta,GA,2020-09-30,354667.0
Boston,MA,2020-09-30,649900.0
San Francisco,CA,2020-09-30,999167.0
Detroit,MI,2020-09-30,283300.0
Riverside,CA,2020-09-30,471667.0
Phoenix,AZ,2020-09-30,399967.0
Seattle,WA,2020-09-30,664333.0
Minneapolis-St Paul,MN,2020-09-30,386037.0
San Diego,CA,2020-09-30,841267.0
St. Louis,MO,2020-09-30,257133.0
Tampa,FL,2020-09-30,296854.0
Baltimore,MD,2020-09-30,361342.0
Denver,CO,2020-09-30,543667.0
Pittsburgh,PA,2020-09-30,234163.0
Portland,OR,2020-09-30,499937.0
Charlotte,NC,2020-09-30,369651.0
Sacramento,CA,2020-09-30,559663.0
San Antonio,TX,2020-09-30,299633.0
Orlando,FL,2020-09-30,330633.0
Cincinnati,OH,2020-09-30,327533.0
Cleveland,OH,2020-09-30,214300.0
Kansas City,MO,2020-09-30,353317.0
Las Vegas,NV,2020-09-30,344667.0
Columbus,OH,2020-09-30,329967.0
Indianapolis,IN,2020-09-30,309997.0
San Jose,CA,2020-09-30,1254983.0
Austin,TX,2020-09-30,390720.0
Virginia Beach,VA,2020-09-30,316382.0
Nashville,TN,2020-09-30,381567.0
Providence,RI,2020-09-30,422328.0
Milwaukee,WI,2020-09-30,253267.0
Jacksonville,FL,2020-09-30,317967.0
Memphis,TN,2020-09-30,259967.0
Oklahoma City,OK,2020-09-30,296683.0
Louisville-Jefferson County,KY,2020-09-30,288932.0
Hartford,CT,2020-09-30,345036.0
Richmond,VA,2020-09-30,382304.0
New Orleans,LA,2020-09-30,296833.0
Buffalo,NY,2020-09-30,228296.0
Raleigh,NC,2020-09-30,386899.0
Birmingham,AL,2020-09-30,277548.0
Salt Lake City,UT,2020-09-30,498172.0
Rochester,NY,2020-09-30,261472.0
Grand Rapids,MI,2020-09-30,321600.0
Tucson,AZ,2020-09-30,328300.0
Urban Honolulu,HI,2020-09-30,600000.0
Tulsa,OK,2020-09-30,273294.0
Fresno,CA,2020-09-30,389528.0
Worcester,MA,2020-09-30,381579.0
Stamford,CT,2020-09-30,789978.0
Albuquerque,NM,2020-09-30,343810.0
Albany,NY,2020-09-30,310359.0
Omaha,NE,2020-09-30,327685.0
New Haven,CT,2020-09-30,347154.0
Bakersfield,CA,2020-09-30,297333.0
Knoxville,TN,2020-09-30,339967.0
Greenville,SC,2020-09-30,284686.0
Ventura,CA,2020-09-30,868300.0
Allentown,PA,2020-09-30,320247.0
El Paso,TX,2020-09-30,212851.0
Baton Rouge,LA,2020-09-30,268230.0
Dayton,OH,2020-09-30,216371.0
McAllen,TX,2020-09-30,223000.0
Columbia,SC,2020-09-30,241955.0
Greensboro,NC,2020-09-30,288297.0
Akron,OH,2020-09-30,184000.0
North Port-Sarasota-Bradenton,FL,2020-09-30,382497.0
Little Rock,AR,2020-09-30,205950.0
Stockton,CA,2020-09-30,458325.0
Charleston,SC,2020-09-30,400110.0
Syracuse,NY,2020-09-30,188590.0
Colorado Springs,CO,2020-09-30,484042.0
Winston-Salem,NC,2020-09-30,304016.0
Wichita,KS,2020-09-30,252400.0
Springfield,MA,2020-09-30,323279.0
Fort Myers,FL,2020-09-30,270672.0
Boise City,ID,2020-09-30,426657.0
Toledo,OH,2020-09-30,208250.0
Madison,WI,2020-09-30,343300.0
Lakeland,FL,2020-09-30,250172.0
Ogden,UT,2020-09-30,444675.0
Daytona Beach,FL,2020-09-30,289618.0
Des Moines,IA,2020-09-30,272929.0
Provo,UT,2020-09-30,473088.0
Durham,NC,2020-09-30,422351.0
Fort Collins,CO,2020-09-30,463148.0
New York,NY,2020-10-31,649333.0
Los Angeles-Long Beach-Anaheim,CA,2020-10-31,975667.0
Chicago,IL,2020-10-31,349667.0
Dallas-Fort Worth,TX,2020-10-31,359096.0
Philadelphia,PA,2020-10-31,338000.0
Houston,TX,2020-10-31,335032.0
Washington,DC,2020-10-31,541517.0
Miami-Fort Lauderdale,FL,2020-10-31,403608.0
Atlanta,GA,2020-10-31,356305.0
Boston,MA,2020-10-31,657598.0
San Francisco,CA,2020-10-31,999401.0
Detroit,MI,2020-10-31,278333.0
Riverside,CA,2020-10-31,480000.0
Phoenix,AZ,2020-10-31,399967.0
Seattle,WA,2020-10-31,652667.0
Minneapolis-St Paul,MN,2020-10-31,378104.0
San Diego,CA,2020-10-31,832933.0
St. Louis,MO,2020-10-31,255400.0
Tampa,FL,2020-10-31,302651.0
Baltimore,MD,2020-10-31,356667.0
Denver,CO,2020-10-31,532000.0
Pittsburgh,PA,2020-10-31,234467.0
Portland,OR,2020-10-31,501002.0
Charlotte,NC,2020-10-31,369671.0
Sacramento,CA,2020-10-31,567163.0
San Antonio,TX,2020-10-31,297967.0
Orlando,FL,2020-10-31,332133.0
Cincinnati,OH,2020-10-31,320833.0
Cleveland,OH,2020-10-31,205933.0
Kansas City,MO,2020-10-31,345000.0
Las Vegas,NV,2020-10-31,346333.0
Columbus,OH,2020-10-31,322963.0
Indianapolis,IN,2020-10-31,299630.0
San Jose,CA,2020-10-31,1248317.0
Austin,TX,2020-10-31,396668.0
Virginia Beach,VA,2020-10-31,315386.0
Nashville,TN,2020-10-31,381600.0
Providence,RI,2020-10-31,411805.0
Milwaukee,WI,2020-10-31,244933.0
Jacksonville,FL,2020-10-31,314667.0
Memphis,TN,2020-10-31,257967.0
Oklahoma City,OK,2020-10-31,294322.0
Louisville-Jefferson County,KY,2020-10-31,278928.0
Hartford,CT,2020-10-31,341308.0
Richmond,VA,2020-10-31,381750.0
New Orleans,LA,2020-10-31,299000.0
Buffalo,NY,2020-10-31,225761.0
Raleigh,NC,2020-10-31,389577.0
Birmingham,AL,2020-10-31,275062.0
Salt Lake City,UT,2020-10-31,493883.0
Rochester,NY,2020-10-31,252643.0
Grand Rapids,MI,2020-10-31,319140.0
Tucson,AZ,2020-10-31,323333.0
Urban Honolulu,HI,2020-10-31,591333.0
Tulsa,OK,2020-10-31,274041.0
Fresno,CA,2020-10-31,388155.0
Worcester,MA,2020-10-31,382507.0
Stamford,CT,2020-10-31,779654.0
Albuquerque,NM,2020-10-31,338793.0
Albany,NY,2020-10-31,303710.0
Omaha,NE,2020-10-31,324675.0
New Haven,CT,2020-10-31,340175.0
Bakersfield,CA,2020-10-31,304333.0
Knoxville,TN,2020-10-31,331300.0
Greenville,SC,2020-10-31,285492.0
Ventura,CA,2020-10-31,871333.0
Allentown,PA,2020-10-31,320890.0
El Paso,TX,2020-10-31,213540.0
Baton Rouge,LA,2020-10-31,271697.0
Dayton,OH,2020-10-31,217199.0
McAllen,TX,2020-10-31,227330.0
Columbia,SC,2020-10-31,241065.0
Greensboro,NC,2020-10-31,281133.0
Akron,OH,2020-10-31,181300.0
North Port-Sarasota-Bradenton,FL,2020-10-31,382330.0
Little Rock,AR,2020-10-31,206689.0
Stockton,CA,2020-10-31,463425.0
Charleston,SC,2020-10-31,403337.0
Syracuse,NY,2020-10-31,189410.0
Colorado Springs,CO,2020-10-31,473265.0
Winston-Salem,NC,2020-10-31,297183.0
Wichita,KS,2020-10-31,240733.0
Springfield,MA,2020-10-31,321116.0
Fort Myers,FL,2020-10-31,270424.0
Boise City,ID,2020-10-31,431627.0
Toledo,OH,2020-10-31,206583.0
Madison,WI,2020-10-31,341667.0
Lakeland,FL,2020-10-31,252124.0
Ogden,UT,2020-10-31,445833.0
Daytona Beach,FL,2020-10-31,290948.0
Des Moines,IA,2020-10-31,270957.0
Provo,UT,2020-10-31,479224.0
Durham,NC,2020-10-31,426169.0
Fort Collins,CO,2020-10-31,456755.0
New York,NY,2020-11-30,652667.0
Los Angeles-Long Beach-Anaheim,CA,2020-11-30,981000.0
Chicago,IL,2020-11-30,346278.0
Dallas-Fort Worth,TX,2020-11-30,357563.0
Philadelphia,PA,2020-11-30,336667.0
Houston,TX,2020-11-30,337372.0
Washington,DC,2020-11-30,533215.0
Miami-Fort Lauderdale,FL,2020-11-30,402392.0
Atlanta,GA,2020-11-30,354638.0
Boston,MA,2020-11-30,663965.0
San Francisco,CA,2020-11-30,999361.0
Detroit,MI,2020-11-30,273300.0
Riverside,CA,2020-11-30,485000.0
Phoenix,AZ,2020-11-30,399633.0
Seattle,WA,2020-11-30,640000.0
Minneapolis-St Paul,MN,2020-11-30,369481.0
San Diego,CA,2020-11-30,816666.0
St. Louis,MO,2020-11-30,253200.0
Tampa,FL,2020-11-30,303002.0
Baltimore,MD,2020-11-30,351633.0
Denver,CO,2020-11-30,520333.0
Pittsburgh,PA,2020-11-30,234600.0
Portland,OR,2020-11-30,507029.0
Charlotte,NC,2020-11-30,370483.0
Sacramento,CA,2020-11-30,575463.0
San Antonio,TX,2020-11-30,294667.0
Orlando,FL,2020-11-30,332133.0
Cincinnati,OH,2020-11-30,312933.0
Cleveland,OH,2020-11-30,196600.0
Kansas City,MO,2020-11-30,341633.0
Las Vegas,NV,2020-11-30,347333.0
Columbus,OH,2020-11-30,321297.0
Indianapolis,IN,2020-11-30,287633.0
San Jose,CA,2020-11-30,1248317.0
Austin,TX,2020-11-30,401293.0
Virginia Beach,VA,2020-11-30,312056.0
Nashville,TN,2020-11-30,381266.0
Providence,RI,2020-11-30,400268.0
Milwaukee,WI,2020-11-30,239933.0
Jacksonville,FL,2020-11-30,309663.0
Memphis,TN,2020-11-30,256663.0
Oklahoma City,OK,2020-11-30,292948.0
Louisville-Jefferson County,KY,2020-11-30,266297.0
Hartford,CT,2020-11-30,336485.0
Richmond,VA,2020-11-30,383515.0
New Orleans,LA,2020-11-30,299000.0
Buffalo,NY,2020-11-30,225253.0
Raleigh,NC,2020-11-30,390601.0
Birmingham,AL,2020-11-30,273538.0
Salt Lake City,UT,2020-11-30,497252.0
Rochester,NY,2020-11-30,245661.0
Grand Rapids,MI,2020-11-30,319496.0
Tucson,AZ,2020-11-30,319844.0
Urban Honolulu,HI,2020-11-30,591000.0
Tulsa,OK,2020-11-30,274702.0
Fresno,CA,2020-11-30,388498.0
Worcester,MA,2020-11-30,385387.0
Stamford,CT,2020-11-30,763277.0
Albuquerque,NM,2020-11-30,332113.0
Albany,NY,2020-11-30,296792.0
Omaha,NE,2020-11-30,321478.0
New Haven,CT,2020-11-30,335953.0
Bakersfield,CA,2020-11-30,307667.0
Knoxville,TN,2020-11-30,316267.0
Greenville,SC,2020-11-30,284345.0
Ventura,CA,2020-11-30,864333.0
Allentown,PA,2020-11-30,321049.0
El Paso,TX,2020-11-30,219193.0
Baton Rouge,LA,2020-11-30,272100.0
Dayton,OH,2020-11-30,216172.0
McAllen,TX,2020-11-30,230663.0
Columbia,SC,2020-11-30,240526.0
Greensboro,NC,2020-11-30,270463.0
Akron,OH,2020-11-30,174283.0
North Port-Sarasota-Bradenton,FL,2020-11-30,381993.0
Little Rock,AR,2020-11-30,210083.0
Stockton,CA,2020-11-30,463842.0
Charleston,SC,2020-11-30,405131.0
Syracuse,NY,2020-11-30,189109.0
Colorado Springs,CO,2020-11-30,466077.0
Winston-Salem,NC,2020-11-30,289461.0
Wichita,KS,2020-11-30,230833.0
Springfield,MA,2020-11-30,315820.0
Fort Myers,FL,2020-11-30,270837.0
Boise City,ID,2020-11-30,443293.0
Toledo,OH,2020-11-30,194633.0
Madison,WI,2020-11-30,343300.0
Lakeland,FL,2020-11-30,253464.0
Ogden,UT,2020-11-30,451942.0
Daytona Beach,FL,2020-11-30,292948.0
Des Moines,IA,2020-11-30,270390.0
Provo,UT,2020-11-30,486834.0
Durham,NC,2020-11-30,425348.0
Fort Collins,CO,2020-11-30,453537.0
New York,NY,2020-12-31,658000.0
Los Angeles-Long Beach-Anaheim,CA,2020-12-31,991267.0
Chicago,IL,2020-12-31,340942.0
Dallas-Fort Worth,TX,2020-12-31,354593.0
Philadelphia,PA,2020-12-31,333333.0
Houston,TX,2020-12-31,336120.0
Washington,DC,2020-12-31,527141.0
Miami-Fort Lauderdale,FL,2020-12-31,401143.0
Atlanta,GA,2020-12-31,351605.0
Boston,MA,2020-12-31,666998.0
San Francisco,CA,2020-12-31,995824.0
Detroit,MI,2020-12-31,268267.0
Riverside,CA,2020-12-31,490000.0
Phoenix,AZ,2020-12-31,399600.0
Seattle,WA,2020-12-31,636650.0
Minneapolis-St Paul,MN,2020-12-31,369446.0
San Diego,CA,2020-12-31,816633.0
St. Louis,MO,2020-12-31,249867.0
Tampa,FL,2020-12-31,302359.0
Baltimore,MD,2020-12-31,346600.0
Denver,CO,2020-12-31,518333.0
Pittsburgh,PA,2020-12-31,234600.0
Portland,OR,2020-12-31,513872.0
Charlotte,NC,2020-12-31,370962.0
Sacramento,CA,2020-12-31,580133.0
San Antonio,TX,2020-12-31,291443.0
Orlando,FL,2020-12-31,331500.0
Cincinnati,OH,2020-12-31,310567.0
Cleveland,OH,2020-12-31,193133.0
Kansas City,MO,2020-12-31,339933.0
Las Vegas,NV,2020-12-31,347333.0
Columbus,OH,2020-12-31,324960.0
Indianapolis,IN,2020-12-31,279600.0
San Jose,CA,2020-12-31,1231333.0
Austin,TX,2020-12-31,401800.0
Virginia Beach,VA,2020-12-31,307633.0
Nashville,TN,2020-12-31,379600.0
Providence,RI,2020-12-31,396422.0
Milwaukee,WI,2020-12-31,233267.0
Jacksonville,FL,2020-12-31,306997.0
Memphis,TN,2020-12-31,257993.0
Oklahoma City,OK,2020-12-31,291920.0
Louisville-Jefferson County,KY,2020-12-31,259663.0
Hartford,CT,2020-12-31,333065.0
Richmond,VA,2020-12-31,387660.0
New Orleans,LA,2020-12-31,299000.0
Buffalo,NY,2020-12-31,224744.0
Raleigh,NC,2020-12-31,390446.0
Birmingham,AL,2020-12-31,276267.0
Salt Lake City,UT,2020-12-31,507889.0
Rochester,NY,2020-12-31,252785.0
Grand Rapids,MI,2020-12-31,322591.0
Tucson,AZ,2020-12-31,321511.0
Urban Honolulu,HI,2020-12-31,599333.0
Tulsa,OK,2020-12-31,274286.0
Fresno,CA,2020-12-31,388498.0
Worcester,MA,2020-12-31,391300.0
Stamford,CT,2020-12-31,754377.0
Albuquerque,NM,2020-12-31,327993.0
Albany,NY,2020-12-31,295385.0
Omaha,NE,2020-12-31,321197.0
New Haven,CT,2020-12-31,327230.0
Bakersfield,CA,2020-12-31,304667.0
Knoxville,TN,2020-12-31,306267.0
Greenville,SC,2020-12-31,281397.0
Ventura,CA,2020-12-31,863663.0
Allentown,PA,2020-12-31,322159.0
El Paso,TX,2020-12-31,223072.0
Baton Rouge,LA,2020-12-31,271233.0
Dayton,OH,2020-12-31,213667.0
McAllen,TX,2020-12-31,229330.0
Columbia,SC,2020-12-31,242134.0
Greensboro,NC,2020-12-31,265497.0
Akron,OH,2020-12-31,169283.0
North Port-Sarasota-Bradenton,FL,2020-12-31,384997.0
Little Rock,AR,2020-12-31,211908.0
Stockton,CA,2020-12-31,468974.0
Charleston,SC,2020-12-31,408963.0
Syracuse,NY,2020-12-31,187429.0
Colorado Springs,CO,2020-12-31,463024.0
Winston-Salem,NC,2020-12-31,281461.0
Wichita,KS,2020-12-31,229167.0
Springfield,MA,2020-12-31,309800.0
Fort Myers,FL,2020-12-31,270837.0
Boise City,ID,2020-12-31,452787.0
Toledo,OH,2020-12-31,187983.0
Madison,WI,2020-12-31,351600.0
Lakeland,FL,2020-12-31,255614.0
Ogden,UT,2020-12-31,458800.0
Daytona Beach,FL,2020-12-31,294497.0
Des Moines,IA,2020-12-31,270846.0
Provo,UT,2020-12-31,494239.0
Durham,NC,2020-12-31,422312.0
Fort Collins,CO,2020-12-31,454516.0
New York,NY,2021-01-31,664633.0
Los Angeles-Long Beach-Anaheim,CA,2021-01-31,997933.0
Chicago,IL,2021-01-31,332942.0
Dallas-Fort Worth,TX,2021-01-31,352375.0
Philadelphia,PA,2021-01-31,328300.0
Houston,TX,2021-01-31,334279.0
Washington,DC,2021-01-31,521175.0
Miami-Fort Lauderdale,FL,2021-01-31,399854.0
Atlanta,GA,2021-01-31,349933.0
Boston,MA,2021-01-31,665667.0
San Francisco,CA,2021-01-31,989227.0
Detroit,MI,2021-01-31,264933.0
Riverside,CA,2021-01-31,491667.0
Phoenix,AZ,2021-01-31,401963.0
Seattle,WA,2021-01-31,639983.0
Minneapolis-St Paul,MN,2021-01-31,370827.0
San Diego,CA,2021-01-31,817966.0
St. Louis,MO,2021-01-31,248300.0
Tampa,FL,2021-01-31,300183.0
Baltimore,MD,2021-01-31,341267.0
Denver,CO,2021-01-31,523967.0
Pittsburgh,PA,2021-01-31,234300.0
Portland,OR,2021-01-31,520920.0
Charlotte,NC,2021-01-31,370628.0
Sacramento,CA,2021-01-31,587283.0
San Antonio,TX,2021-01-31,289743.0
Orlando,FL,2021-01-31,329330.0
Cincinnati,OH,2021-01-31,311133.0
Cleveland,OH,2021-01-31,191500.0
Kansas City,MO,2021-01-31,342583.0
Las Vegas,NV,2021-01-31,346333.0
Columbus,OH,2021-01-31,325297.0
Indianapolis,IN,2021-01-31,277298.0
San Jose,CA,2021-01-31,1216296.0
Austin,TX,2021-01-31,404463.0
Virginia Beach,VA,2021-01-31,302600.0
Nashville,TN,2021-01-31,381267.0
Providence,RI,2021-01-31,396606.0
Milwaukee,WI,2021-01-31,228267.0
Jacksonville,FL,2021-01-31,306993.0
Memphis,TN,2021-01-31,253293.0
Oklahoma City,OK,2021-01-31,291436.0
Louisville-Jefferson County,KY,2021-01-31,256633.0
Hartford,CT,2021-01-31,330505.0
Richmond,VA,2021-01-31,392630.0
New Orleans,LA,2021-01-31,297633.0
Buffalo,NY,2021-01-31,224109.0
Raleigh,NC,2021-01-31,390613.0
Birmingham,AL,2021-01-31,277633.0
Salt Lake City,UT,2021-01-31,521309.0
Rochester,NY,2021-01-31,260865.0
Grand Rapids,MI,2021-01-31,328384.0
Tucson,AZ,2021-01-31,326511.0
Urban Honolulu,HI,2021-01-31,602667.0
Tulsa,OK,2021-01-31,272324.0
Fresno,CA,2021-01-31,389820.0
Worcester,MA,2021-01-31,396267.0
Stamford,CT,2021-01-31,748019.0
Albuquerque,NM,2021-01-31,331330.0
Albany,NY,2021-01-31,293878.0
Omaha,NE,2021-01-31,320802.0
New Haven,CT,2021-01-31,320606.0
Bakersfield,CA,2021-01-31,297667.0
Knoxville,TN,2021-01-31,299900.0
Greenville,SC,2021-01-31,277763.0
Ventura,CA,2021-01-31,865663.0
Allentown,PA,2021-01-31,323210.0
El Paso,TX,2021-01-31,228300.0
Baton Rouge,LA,2021-01-31,269600.0
Dayton,OH,2021-01-31,212333.0
McAllen,TX,2021-01-31,226000.0
Columbia,SC,2021-01-31,243568.0
Greensboro,NC,2021-01-31,266163.0
Akron,OH,2021-01-31,162617.0
North Port-Sarasota-Bradenton,FL,2021-01-31,386328.0
Little Rock,AR,2021-01-31,213878.0
Stockton,CA,2021-01-31,473151.0
Charleston,SC,2021-01-31,412930.0
Syracuse,NY,2021-01-31,182880.0
Colorado Springs,CO,2021-01-31,462646.0
Winston-Salem,NC,2021-01-31,278594.0
Wichita,KS,2021-01-31,228300.0
Springfield,MA,2021-01-31,302467.0
Fort Myers,FL,2021-01-31,269978.0
Boise City,ID,2021-01-31,460692.0
Toledo,OH,2021-01-31,182983.0
Madison,WI,2021-01-31,359700.0
Lakeland,FL,2021-01-31,257810.0
Ogden,UT,2021-01-31,466167.0
Daytona Beach,FL,2021-01-31,296333.0
Des Moines,IA,2021-01-31,272593.0
Provo,UT,2021-01-31,503762.0
Durham,NC,2021-01-31,419120.0
Fort Collins,CO,2021-01-31,457346.0
New York,NY,2021-02-28,669967.0
Los Angeles-Long Beach-Anaheim,CA,2021-02-28,999600.0
Chicago,IL,2021-02-28,332997.0
Dallas-Fort Worth,TX,2021-02-28,354042.0
Philadelphia,PA,2021-02-28,324967.0
Houston,TX,2021-02-28,333337.0
Washington,DC,2021-02-28,519506.0
Miami-Fort Lauderdale,FL,2021-02-28,399867.0
Atlanta,GA,2021-02-28,351267.0
Boston,MA,2021-02-28,672633.0
San Francisco,CA,2021-02-28,984600.0
Detroit,MI,2021-02-28,266633.0
Riverside,CA,2021-02-28,493333.0
Phoenix,AZ,2021-02-28,405297.0
Seattle,WA,2021-02-28,654983.0
Minneapolis-St Paul,MN,2021-02-28,379427.0
San Diego,CA,2021-02-28,834633.0
St. Louis,MO,2021-02-28,253300.0
Tampa,FL,2021-02-28,300705.0
Baltimore,MD,2021-02-28,342967.0
Denver,CO,2021-02-28,535633.0
Pittsburgh,PA,2021-02-28,237667.0
Portland,OR,2021-02-28,525750.0
Charlotte,NC,2021-02-28,372126.0
Sacramento,CA,2021-02-28,590317.0
San Antonio,TX,2021-02-28,291409.0
Orlando,FL,2021-02-28,328997.0
Cincinnati,OH,2021-02-28,320300.0
Cleveland,OH,2021-02-28,199667.0
Kansas City,MO,2021-02-28,354267.0
Las Vegas,NV,2021-02-28,346333.0
Columbus,OH,2021-02-28,328993.0
Indianapolis,IN,2021-02-28,279598.0
San Jose,CA,2021-02-28,1216296.0
Austin,TX,2021-02-28,414297.0
Virginia Beach,VA,2021-02-28,299930.0
Nashville,TN,2021-02-28,388680.0
Providence,RI,2021-02-28,407169.0
Milwaukee,WI,2021-02-28,226300.0
Jacksonville,FL,2021-02-28,310963.0
Memphis,TN,2021-02-28,246297.0
Oklahoma City,OK,2021-02-28,294489.0
Louisville-Jefferson County,KY,2021-02-28,261967.0
Hartford,CT,2021-02-28,332681.0
Richmond,VA,2021-02-28,396280.0
New Orleans,LA,2021-02-28,295133.0
Buffalo,NY,2021-02-28,232855.0
Raleigh,NC,2021-02-28,394133.0
Birmingham,AL,2021-02-28,280100.0
Salt Lake City,UT,2021-02-28,528845.0
Rochester,NY,2021-02-28,274777.0
Grand Rapids,MI,2021-02-28,337995.0
Tucson,AZ,2021-02-28,334887.0
Urban Honolulu,HI,2021-02-28,586333.0
Tulsa,OK,2021-02-28,270325.0
Fresno,CA,2021-02-28,389406.0
Worcester,MA,2021-02-28,399600.0
Stamford,CT,2021-02-28,782171.0
Albuquerque,NM,2021-02-28,336330.0
Albany,NY,2021-02-28,296072.0
Omaha,NE,2021-02-28,327140.0
New Haven,CT,2021-02-28,317980.0
Bakersfield,CA,2021-02-28,291333.0
Knoxville,TN,2021-02-28,299900.0
Greenville,SC,2021-02-28,278630.0
Ventura,CA,2021-02-28,899163.0
Allentown,PA,2021-02-28,329372.0
El Paso,TX,2021-02-28,228316.0
Baton Rouge,LA,2021-02-28,271267.0
Dayton,OH,2021-02-28,218000.0
McAllen,TX,2021-02-28,226000.0
Columbia,SC,2021-02-28,245633.0
Greensboro,NC,2021-02-28,269500.0
Akron,OH,2021-02-28,163300.0
North Port-Sarasota-Bradenton,FL,2021-02-28,392332.0
Little Rock,AR,2021-02-28,214425.0
Stockton,CA,2021-02-28,485366.0
Charleston,SC,2021-02-28,422133.0
Syracuse,NY,2021-02-28,182880.0
Colorado Springs,CO,2021-02-28,478772.0
Winston-Salem,NC,2021-02-28,278267.0
Wichita,KS,2021-02-28,234950.0
Springfield,MA,2021-02-28,303967.0
Fort Myers,FL,2021-02-28,272723.0
Boise City,ID,2021-02-28,468999.0
Toledo,OH,2021-02-28,188300.0
Madison,WI,2021-02-28,366967.0
Lakeland,FL,2021-02-28,260621.0
Ogden,UT,2021-02-28,475500.0
Daytona Beach,FL,2021-02-28,299667.0
Des Moines,IA,2021-02-28,276460.0
Provo,UT,2021-02-28,506424.0
Durham,NC,2021-02-28,419797.0
Fort Collins,CO,2021-02-28,455591.0
New York,NY,2021-03-31,673300.0
Los Angeles-Long Beach-Anaheim,CA,2021-03-31,1012933.0
Chicago,IL,2021-03-31,338300.0
Dallas-Fort Worth,TX,2021-03-31,360042.0
Philadelphia,PA,2021-03-31,326600.0
Houston,TX,2021-03-31,338337.0
Washington,DC,2021-03-31,519997.0
Miami-Fort Lauderdale,FL,2021-03-31,402547.0
Atlanta,GA,2021-03-31,357963.0
Boston,MA,2021-03-31,684633.0
San Francisco,CA,2021-03-31,984304.0
Detroit,MI,2021-03-31,276633.0
Riverside,CA,2021-03-31,494967.0
Phoenix,AZ,2021-03-31,413660.0
Seattle,WA,2021-03-31,670000.0
Minneapolis-St Paul,MN,2021-03-31,387767.0
San Diego,CA,2021-03-31,843000.0
St. Louis,MO,2021-03-31,261633.0
Tampa,FL,2021-03-31,306715.0
Baltimore,MD,2021-03-31,352333.0
Denver,CO,2021-03-31,547300.0
Pittsburgh,PA,2021-03-31,244300.0
Portland,OR,2021-03-31,534650.0
Charlotte,NC,2021-03-31,377963.0
Sacramento,CA,2021-03-31,585650.0
San Antonio,TX,2021-03-31,295133.0
Orlando,FL,2021-03-31,331597.0
Cincinnati,OH,2021-03-31,332212.0
Cleveland,OH,2021-03-31,213166.0
Kansas City,MO,2021-03-31,370367.0
Las Vegas,NV,2021-03-31,356333.0
Columbus,OH,2021-03-31,336663.0
Indianapolis,IN,2021-03-31,286962.0
San Jose,CA,2021-03-31,1239296.0
Austin,TX,2021-03-31,431993.0
Virginia Beach,VA,2021-03-31,302297.0
Nashville,TN,2021-03-31,398710.0
Providence,RI,2021-03-31,411300.0
Milwaukee,WI,2021-03-31,227933.0
Jacksonville,FL,2021-03-31,317963.0
Memphis,TN,2021-03-31,244933.0
Oklahoma City,OK,2021-03-31,302167.0
Louisville-Jefferson County,KY,2021-03-31,270967.0
Hartford,CT,2021-03-31,339900.0
Richmond,VA,2021-03-31,400617.0
New Orleans,LA,2021-03-31,295433.0
Buffalo,NY,2021-03-31,243300.0
Raleigh,NC,2021-03-31,400100.0
Birmingham,AL,2021-03-31,282267.0
Salt Lake City,UT,2021-03-31,528333.0
Rochester,NY,2021-03-31,280733.0
Grand Rapids,MI,2021-03-31,347567.0
Tucson,AZ,2021-03-31,348220.0
Urban Honolulu,HI,2021-03-31,576333.0
Tulsa,OK,2021-03-31,281368.0
Fresno,CA,2021-03-31,392121.0
Worcester,MA,2021-03-31,399900.0
Stamford,CT,2021-03-31,812633.0
Albuquerque,NM,2021-03-31,345833.0
Albany,NY,2021-03-31,303267.0
Omaha,NE,2021-03-31,334100.0
New Haven,CT,2021-03-31,324933.0
Bakersfield,CA,2021-03-31,292966.0
Knoxville,TN,2021-03-31,306567.0
Greenville,SC,2021-03-31,285210.0
Ventura,CA,2021-03-31,923167.0
Allentown,PA,2021-03-31,337100.0
El Paso,TX,2021-03-31,231650.0
Baton Rouge,LA,2021-03-31,276297.0
Dayton,OH,2021-03-31,224833.0
McAllen,TX,2021-03-31,231000.0
Columbia,SC,2021-03-31,250100.0
Greensboro,NC,2021-03-31,276083.0
Akron,OH,2021-03-31,172967.0
North Port-Sarasota-Bradenton,FL,2021-03-31,403998.0
Little Rock,AR,2021-03-31,221000.0
Stockton,CA,2021-03-31,489892.0
Charleston,SC,2021-03-31,432830.0
Syracuse,NY,2021-03-31,184547.0
Colorado Springs,CO,2021-03-31,495493.0
Winston-Salem,NC,2021-03-31,280912.0
Wichita,KS,2021-03-31,243917.0
Springfield,MA,2021-03-31,317600.0
Fort Myers,FL,2021-03-31,375573.0
Boise City,ID,2021-03-31,482842.0
Toledo,OH,2021-03-31,194633.0
Madison,WI,2021-03-31,370300.0
Lakeland,FL,2021-03-31,265598.0
Ogden,UT,2021-03-31,485467.0
Daytona Beach,FL,2021-03-31,304633.0
Des Moines,IA,2021-03-31,282427.0
Provo,UT,2021-03-31,504330.0
Durham,NC,2021-03-31,428688.0
Fort Collins,CO,2021-03-31,451267.0
New York,NY,2021-04-30,676333.0
Los Angeles-Long Beach-Anaheim,CA,2021-04-30,1019933.0
Chicago,IL,2021-04-30,346633.0
Dallas-Fort Worth,TX,2021-04-30,369597.0
Philadelphia,PA,2021-04-30,333300.0
Houston,TX,2021-04-30,345759.0
Washington,DC,2021-04-30,528236.0
Miami-Fort Lauderdale,FL,2021-04-30,410900.0
Atlanta,GA,2021-04-30,374163.0
Boston,MA,2021-04-30,694633.0
San Francisco,CA,2021-04-30,990333.0
Detroit,MI,2021-04-30,288300.0
Riverside,CA,2021-04-30,506633.0
Phoenix,AZ,2021-04-30,422997.0
Seattle,WA,2021-04-30,686650.0
Minneapolis-St Paul,MN,2021-04-30,392733.0
San Diego,CA,2021-04-30,856633.0
St. Louis,MO,2021-04-30,271600.0
Tampa,FL,2021-04-30,317827.0
Baltimore,MD,2021-04-30,362633.0
Denver,CO,2021-04-30,563460.0
Pittsburgh,PA,2021-04-30,252083.0
Portland,OR,2021-04-30,551317.0
Charlotte,NC,2021-04-30,387993.0
Sacramento,CA,2021-04-30,588663.0
San Antonio,TX,2021-04-30,301000.0
Orlando,FL,2021-04-30,338567.0
Cincinnati,OH,2021-04-30,346903.0
Cleveland,OH,2021-04-30,229163.0
Kansas City,MO,2021-04-30,384383.0
Las Vegas,NV,2021-04-30,374000.0
Columbus,OH,2021-04-30,345327.0
Indianapolis,IN,2021-04-30,294627.0
San Jose,CA,2021-04-30,1256000.0
Austin,TX,2021-04-30,455963.0
Virginia Beach,VA,2021-04-30,307330.0
Nashville,TN,2021-04-30,412040.0
Providence,RI,2021-04-30,417300.0
Milwaukee,WI,2021-04-30,232600.0
Jacksonville,FL,2021-04-30,328617.0
Memphis,TN,2021-04-30,248267.0
Oklahoma City,OK,2021-04-30,313333.0
Louisville-Jefferson County,KY,2021-04-30,280317.0
Hartford,CT,2021-04-30,348233.0
Richmond,VA,2021-04-30,401650.0
New Orleans,LA,2021-04-30,303767.0
Buffalo,NY,2021-04-30,258267.0
Raleigh,NC,2021-04-30,405933.0
Birmingham,AL,2021-04-30,288233.0
Salt Lake City,UT,2021-04-30,533300.0
Rochester,NY,2021-04-30,282400.0
Grand Rapids,MI,2021-04-30,356467.0
Tucson,AZ,2021-04-30,364553.0
Urban Honolulu,HI,2021-04-30,576333.0
Tulsa,OK,2021-04-30,293800.0
Fresno,CA,2021-04-30,401617.0
Worcester,MA,2021-04-30,399900.0
Stamford,CT,2021-04-30,829000.0
Albuquerque,NM,2021-04-30,352498.0
Albany,NY,2021-04-30,308233.0
Omaha,NE,2021-04-30,340133.0
New Haven,CT,2021-04-30,339900.0
Bakersfield,CA,2021-04-30,301631.0
Knoxville,TN,2021-04-30,328233.0
Greenville,SC,2021-04-30,298510.0
Ventura,CA,2021-04-30,943167.0
Allentown,PA,2021-04-30,344100.0
El Paso,TX,2021-04-30,234967.0
Baton Rouge,LA,2021-04-30,284985.0
Dayton,OH,2021-04-30,231467.0
McAllen,TX,2021-04-30,238333.0
Columbia,SC,2021-04-30,255567.0
Greensboro,NC,2021-04-30,282247.0
Akron,OH,2021-04-30,186333.0
North Port-Sarasota-Bradenton,FL,2021-04-30,421000.0
Little Rock,AR,2021-04-30,226000.0
Stockton,CA,2021-04-30,501559.0
Charleston,SC,2021-04-30,445530.0
Syracuse,NY,2021-04-30,191567.0
Colorado Springs,CO,2021-04-30,516376.0
Winston-Salem,NC,2021-04-30,282078.0
Wichita,KS,2021-04-30,248583.0
Springfield,MA,2021-04-30,338300.0
Fort Myers,FL,2021-04-30,375573.0
Boise City,ID,2021-04-30,505223.0
Toledo,OH,2021-04-30,197950.0
Madison,WI,2021-04-30,371233.0
Lakeland,FL,2021-04-30,302767.0416666667
Ogden,UT,2021-04-30,499797.0
Daytona Beach,FL,2021-04-30,313300.0
Des Moines,IA,2021-04-30,290433.0
Provo,UT,2021-04-30,509630.0
Durham,NC,2021-04-30,447800.0
Fort Collins,CO,2021-04-30,451600.0
New York,NY,2021-05-31,676333.0
Los Angeles-Long Beach-Anaheim,CA,2021-05-31,1022798.0
Chicago,IL,2021-05-31,353267.0
Dallas-Fort Worth,TX,2021-05-31,379630.0
Philadelphia,PA,2021-05-31,339967.0
Houston,TX,2021-05-31,356748.0
Washington,DC,2021-05-31,534906.0
Miami-Fort Lauderdale,FL,2021-05-31,460929.63636363635
Atlanta,GA,2021-05-31,389463.0
Boston,MA,2021-05-31,697967.0
San Francisco,CA,2021-05-31,993667.0
Detroit,MI,2021-05-31,298267.0
Riverside,CA,2021-05-31,520967.0
Phoenix,AZ,2021-05-31,436663.0
Seattle,WA,2021-05-31,698313.0
Minneapolis-St Paul,MN,2021-05-31,392900.0
San Diego,CA,2021-05-31,856633.0
St. Louis,MO,2021-05-31,273933.0
Tampa,FL,2021-05-31,333830.0
Baltimore,MD,2021-05-31,372600.0
Denver,CO,2021-05-31,580093.0
Pittsburgh,PA,2021-05-31,257050.0
Portland,OR,2021-05-31,573317.0
Charlotte,NC,2021-05-31,398663.0
Sacramento,CA,2021-05-31,598963.0
San Antonio,TX,2021-05-31,306330.0
Orlando,FL,2021-05-31,347200.0
Cincinnati,OH,2021-05-31,361103.0
Cleveland,OH,2021-05-31,237630.0
Kansas City,MO,2021-05-31,391967.0
Las Vegas,NV,2021-05-31,398000.0
Columbus,OH,2021-05-31,349997.0
Indianapolis,IN,2021-05-31,300063.0
San Jose,CA,2021-05-31,1272633.0
Austin,TX,2021-05-31,477297.0
Virginia Beach,VA,2021-05-31,310667.0
Nashville,TN,2021-05-31,424960.0
Providence,RI,2021-05-31,417267.0
Milwaukee,WI,2021-05-31,239267.0
Jacksonville,FL,2021-05-31,340313.0
Memphis,TN,2021-05-31,256600.0
Oklahoma City,OK,2021-05-31,320933.0
Louisville-Jefferson County,KY,2021-05-31,288283.0
Hartford,CT,2021-05-31,351567.0
Richmond,VA,2021-05-31,401633.0
New Orleans,LA,2021-05-31,314933.0
Buffalo,NY,2021-05-31,263300.0
Raleigh,NC,2021-05-31,410967.0
Birmingham,AL,2021-05-31,293767.0
Salt Lake City,UT,2021-05-31,544967.0
Rochester,NY,2021-05-31,273233.0
Grand Rapids,MI,2021-05-31,364626.0
Tucson,AZ,2021-05-31,376333.0
Urban Honolulu,HI,2021-05-31,601333.0
Tulsa,OK,2021-05-31,306196.0
Fresno,CA,2021-05-31,415813.0
Worcester,MA,2021-05-31,399900.0
Stamford,CT,2021-05-31,820833.0
Albuquerque,NM,2021-05-31,363030.0
Albany,NY,2021-05-31,307933.0
Omaha,NE,2021-05-31,340133.0
New Haven,CT,2021-05-31,351567.0
Bakersfield,CA,2021-05-31,313298.0
Knoxville,TN,2021-05-31,348233.0
Greenville,SC,2021-05-31,309510.0
Ventura,CA,2021-05-31,946667.0
Allentown,PA,2021-05-31,347293.0
El Paso,TX,2021-05-31,241300.0
Baton Rouge,LA,2021-05-31,294682.0
Dayton,OH,2021-05-31,237467.0
McAllen,TX,2021-05-31,244667.0
Columbia,SC,2021-05-31,261400.0
Greensboro,NC,2021-05-31,288597.0
Akron,OH,2021-05-31,196333.0
North Port-Sarasota-Bradenton,FL,2021-05-31,437667.0
Little Rock,AR,2021-05-31,230967.0
Stockton,CA,2021-05-31,512283.0
Charleston,SC,2021-05-31,462330.0
Syracuse,NY,2021-05-31,199933.0
Colorado Springs,CO,2021-05-31,537425.0
Winston-Salem,NC,2021-05-31,283745.0
Wichita,KS,2021-05-31,243567.0
Springfield,MA,2021-05-31,349966.0
Fort Myers,FL,2021-05-31,375573.0
Boise City,ID,2021-05-31,528378.0
Toledo,OH,2021-05-31,196583.0
Madison,WI,2021-05-31,373967.0
Lakeland,FL,2021-05-31,302767.0416666667
Ogden,UT,2021-05-31,513930.0
Daytona Beach,FL,2021-05-31,321600.0
Des Moines,IA,2021-05-31,300100.0
Provo,UT,2021-05-31,523283.0
Durham,NC,2021-05-31,464467.0
Fort Collins,CO,2021-05-31,461008.0
New York,NY,2021-06-30,669667.0
Los Angeles-Long Beach-Anaheim,CA,2021-06-30,1009498.0
Chicago,IL,2021-06-30,355267.0
Dallas-Fort Worth,TX,2021-06-30,388300.0
Philadelphia,PA,2021-06-30,345963.0
Houston,TX,2021-06-30,365748.0
Washington,DC,2021-06-30,540539.0
Miami-Fort Lauderdale,FL,2021-06-30,460929.63636363635
Atlanta,GA,2021-06-30,400467.0
Boston,MA,2021-06-30,699300.0
San Francisco,CA,2021-06-30,996000.0
Detroit,MI,2021-06-30,301600.0
Riverside,CA,2021-06-30,534700.0
Phoenix,AZ,2021-06-30,447997.0
Seattle,WA,2021-06-30,705297.0
Minneapolis-St Paul,MN,2021-06-30,389600.0
San Diego,CA,2021-06-30,856300.0
St. Louis,MO,2021-06-30,272267.0
Tampa,FL,2021-06-30,348000.0
Baltimore,MD,2021-06-30,374933.0
Denver,CO,2021-06-30,596615.0
Pittsburgh,PA,2021-06-30,257080.0
Portland,OR,2021-06-30,589633.0
Charlotte,NC,2021-06-30,405163.0
Sacramento,CA,2021-06-30,615597.0
San Antonio,TX,2021-06-30,316163.0
Orlando,FL,2021-06-30,358233.0
Cincinnati,OH,2021-06-30,365191.0
Cleveland,OH,2021-06-30,237297.0
Kansas City,MO,2021-06-30,390900.0
Las Vegas,NV,2021-06-30,417483.0
Columbus,OH,2021-06-30,348963.0
Indianapolis,IN,2021-06-30,301066.0
San Jose,CA,2021-06-30,1283298.0
Austin,TX,2021-06-30,492963.0
Virginia Beach,VA,2021-06-30,310000.0
Nashville,TN,2021-06-30,438297.0
Providence,RI,2021-06-30,428967.0
Milwaukee,WI,2021-06-30,239267.0
Jacksonville,FL,2021-06-30,347647.0
Memphis,TN,2021-06-30,259963.0
Oklahoma City,OK,2021-06-30,322300.0
Louisville-Jefferson County,KY,2021-06-30,290950.0
Hartford,CT,2021-06-30,346600.0
Richmond,VA,2021-06-30,396600.0
New Orleans,LA,2021-06-30,324633.0
Buffalo,NY,2021-06-30,261633.0
Raleigh,NC,2021-06-30,414997.0
Birmingham,AL,2021-06-30,296267.0
Salt Lake City,UT,2021-06-30,559933.0
Rochester,NY,2021-06-30,261600.0
Grand Rapids,MI,2021-06-30,371959.0
Tucson,AZ,2021-06-30,384333.0
Urban Honolulu,HI,2021-06-30,624667.0
Tulsa,OK,2021-06-30,301562.0
Fresno,CA,2021-06-30,425980.0
Worcester,MA,2021-06-30,408267.0
Stamford,CT,2021-06-30,806167.0
Albuquerque,NM,2021-06-30,368697.0
Albany,NY,2021-06-30,296267.0
Omaha,NE,2021-06-30,333000.0
New Haven,CT,2021-06-30,356567.0
Bakersfield,CA,2021-06-30,319998.0
Knoxville,TN,2021-06-30,358266.0
Greenville,SC,2021-06-30,319750.0
Ventura,CA,2021-06-30,931650.0
Allentown,PA,2021-06-30,344930.0
El Paso,TX,2021-06-30,247633.0
Baton Rouge,LA,2021-06-30,300348.0
Dayton,OH,2021-06-30,242130.0
McAllen,TX,2021-06-30,248667.0
Columbia,SC,2021-06-30,265400.0
Greensboro,NC,2021-06-30,293647.0
Akron,OH,2021-06-30,200000.0
North Port-Sarasota-Bradenton,FL,2021-06-30,451000.0
Little Rock,AR,2021-06-30,231633.0
Stockton,CA,2021-06-30,535650.0
Charleston,SC,2021-06-30,476583.0
Syracuse,NY,2021-06-30,208300.0
Colorado Springs,CO,2021-06-30,564933.0
Winston-Salem,NC,2021-06-30,286533.0
Wichita,KS,2021-06-30,232933.0
Springfield,MA,2021-06-30,351666.0
Fort Myers,FL,2021-06-30,375573.0
Boise City,ID,2021-06-30,550966.0
Toledo,OH,2021-06-30,193583.0
Madison,WI,2021-06-30,377300.0
Lakeland,FL,2021-06-30,299801.0
Ogden,UT,2021-06-30,529863.0
Daytona Beach,FL,2021-06-30,331567.0
Des Moines,IA,2021-06-30,309025.0
Provo,UT,2021-06-30,541542.0
Durham,NC,2021-06-30,478433.0
Fort Collins,CO,2021-06-30,475192.0
New York,NY,2021-07-31,659667.0
Los Angeles-Long Beach-Anaheim,CA,2021-07-31,998832.0
Chicago,IL,2021-07-31,355263.0
Dallas-Fort Worth,TX,2021-07-31,394663.0
Philadelphia,PA,2021-07-31,342597.0
Houston,TX,2021-07-31,371980.0
Washington,DC,2021-07-31,537267.0
Miami-Fort Lauderdale,FL,2021-07-31,460929.63636363635
Atlanta,GA,2021-07-31,402633.0
Boston,MA,2021-07-31,694300.0
San Francisco,CA,2021-07-31,983333.0
Detroit,MI,2021-07-31,299233.0
Riverside,CA,2021-07-31,543000.0
Phoenix,AZ,2021-07-31,458160.0
Seattle,WA,2021-07-31,705297.0
Minneapolis-St Paul,MN,2021-07-31,387933.0
San Diego,CA,2021-07-31,849333.0
St. Louis,MO,2021-07-31,265467.0
Tampa,FL,2021-07-31,361333.0
Baltimore,MD,2021-07-31,374963.0
Denver,CO,2021-07-31,606488.0
Pittsburgh,PA,2021-07-31,249630.0
Portland,OR,2021-07-31,594633.0
Charlotte,NC,2021-07-31,406833.0
Sacramento,CA,2021-07-31,623267.0
San Antonio,TX,2021-07-31,329997.0
Orlando,FL,2021-07-31,368597.0
Cincinnati,OH,2021-07-31,359630.0
Cleveland,OH,2021-07-31,230967.0
Kansas City,MO,2021-07-31,384217.0
Las Vegas,NV,2021-07-31,427817.0
Columbus,OH,2021-07-31,346133.0
Indianapolis,IN,2021-07-31,300703.0
San Jose,CA,2021-07-31,1298298.0
Austin,TX,2021-07-31,502997.0
Virginia Beach,VA,2021-07-31,306623.0
Nashville,TN,2021-07-31,449633.0
Providence,RI,2021-07-31,438300.0
Milwaukee,WI,2021-07-31,232633.0
Jacksonville,FL,2021-07-31,350493.0
Memphis,TN,2021-07-31,261663.0
Oklahoma City,OK,2021-07-31,318797.0
Louisville-Jefferson County,KY,2021-07-31,289933.0
Hartford,CT,2021-07-31,338300.0
Richmond,VA,2021-07-31,389917.0
New Orleans,LA,2021-07-31,326333.0
Buffalo,NY,2021-07-31,254667.0
Raleigh,NC,2021-07-31,419997.0
Birmingham,AL,2021-07-31,293633.0
Salt Lake City,UT,2021-07-31,562771.0
Rochester,NY,2021-07-31,253267.0
Grand Rapids,MI,2021-07-31,380425.0
Tucson,AZ,2021-07-31,385500.0
Urban Honolulu,HI,2021-07-31,653333.0
Tulsa,OK,2021-07-31,295396.0
Fresno,CA,2021-07-31,426497.0
Worcester,MA,2021-07-31,411633.0
Stamford,CT,2021-07-31,783133.0
Albuquerque,NM,2021-07-31,372032.0
Albany,NY,2021-07-31,286267.0
Omaha,NE,2021-07-31,323000.0
New Haven,CT,2021-07-31,351567.0
Bakersfield,CA,2021-07-31,324500.0
Knoxville,TN,2021-07-31,348300.0
Greenville,SC,2021-07-31,324750.0
Ventura,CA,2021-07-31,926650.0
Allentown,PA,2021-07-31,339567.0
El Paso,TX,2021-07-31,251650.0
Baton Rouge,LA,2021-07-31,301960.0
Dayton,OH,2021-07-31,243797.0
McAllen,TX,2021-07-31,251967.0
Columbia,SC,2021-07-31,269933.0
Greensboro,NC,2021-07-31,298950.0
Akron,OH,2021-07-31,199967.0
North Port-Sarasota-Bradenton,FL,2021-07-31,463000.0
Little Rock,AR,2021-07-31,233300.0
Stockton,CA,2021-07-31,555650.0
Charleston,SC,2021-07-31,478252.0
Syracuse,NY,2021-07-31,208300.0
Colorado Springs,CO,2021-07-31,581633.0
Winston-Salem,NC,2021-07-31,291037.0
Wichita,KS,2021-07-31,224967.0
Springfield,MA,2021-07-31,344966.0
Fort Myers,FL,2021-07-31,392967.0
Boise City,ID,2021-07-31,560680.0
Toledo,OH,2021-07-31,191933.0
Madison,WI,2021-07-31,378267.0
Lakeland,FL,2021-07-31,306801.0
Ogden,UT,2021-07-31,536500.0
Daytona Beach,FL,2021-07-31,336567.0
Des Moines,IA,2021-07-31,317358.0
Provo,UT,2021-07-31,549908.0
Durham,NC,2021-07-31,474967.0
Fort Collins,CO,2021-07-31,488517.0
New York,NY,2021-08-31,647333.0
Los Angeles-Long Beach-Anaheim,CA,2021-08-31,979267.0
Chicago,IL,2021-08-31,348630.0
Dallas-Fort Worth,TX,2021-08-31,397963.0
Philadelphia,PA,2021-08-31,337263.0
Houston,TX,2021-08-31,372950.0
Washington,DC,2021-08-31,532267.0
Miami-Fort Lauderdale,FL,2021-08-31,460929.63636363635
Atlanta,GA,2021-08-31,402667.0
Boston,MA,2021-08-31,680667.0
San Francisco,CA,2021-08-31,964667.0
Detroit,MI,2021-08-31,289267.0
Riverside,CA,2021-08-31,547000.0
Phoenix,AZ,2021-08-31,464493.0
Seattle,WA,2021-08-31,698300.0
Minneapolis-St Paul,MN,2021-08-31,382967.0
San Diego,CA,2021-08-31,847633.0
St. Louis,MO,2021-08-31,258167.0
Tampa,FL,2021-08-31,369986.0
Baltimore,MD,2021-08-31,367997.0
Denver,CO,2021-08-31,610248.0
Pittsburgh,PA,2021-08-31,239330.0
Portland,OR,2021-08-31,589300.0
Charlotte,NC,2021-08-31,404333.0
Sacramento,CA,2021-08-31,621633.0
San Antonio,TX,2021-08-31,342667.0
Orlando,FL,2021-08-31,378630.0
Cincinnati,OH,2021-08-31,345627.0
Cleveland,OH,2021-08-31,220967.0
Kansas City,MO,2021-08-31,368993.0
Las Vegas,NV,2021-08-31,437483.0
Columbus,OH,2021-08-31,341133.0
Indianapolis,IN,2021-08-31,300298.0
San Jose,CA,2021-08-31,1289998.0
Austin,TX,2021-08-31,506538.0
Virginia Beach,VA,2021-08-31,303290.0
Nashville,TN,2021-08-31,453000.0
Providence,RI,2021-08-31,443167.0
Milwaukee,WI,2021-08-31,220967.0
Jacksonville,FL,2021-08-31,352160.0
Memphis,TN,2021-08-31,261663.0
Oklahoma City,OK,2021-08-31,313546.0
Louisville-Jefferson County,KY,2021-08-31,284967.0
Hartford,CT,2021-08-31,330000.0
Richmond,VA,2021-08-31,383600.0
New Orleans,LA,2021-08-31,324333.0
Buffalo,NY,2021-08-31,244667.0
Raleigh,NC,2021-08-31,423662.0
Birmingham,AL,2021-08-31,290633.0
Salt Lake City,UT,2021-08-31,560771.0
Rochester,NY,2021-08-31,244967.0
Grand Rapids,MI,2021-08-31,382266.0
Tucson,AZ,2021-08-31,382467.0
Urban Honolulu,HI,2021-08-31,678000.0
Tulsa,OK,2021-08-31,288989.0
Fresno,CA,2021-08-31,424000.0
Worcester,MA,2021-08-31,411666.0
Stamford,CT,2021-08-31,736083.0
Albuquerque,NM,2021-08-31,372498.0
Albany,NY,2021-08-31,278267.0
Omaha,NE,2021-08-31,315000.0
New Haven,CT,2021-08-31,344900.0
Bakersfield,CA,2021-08-31,322833.0
Knoxville,TN,2021-08-31,341633.0
Greenville,SC,2021-08-31,329583.0
Ventura,CA,2021-08-31,897650.0
Allentown,PA,2021-08-31,332933.0
El Paso,TX,2021-08-31,251967.0
Baton Rouge,LA,2021-08-31,300130.0
Dayton,OH,2021-08-31,239430.0
McAllen,TX,2021-08-31,255300.0
Columbia,SC,2021-08-31,272800.0
Greensboro,NC,2021-08-31,302567.0
Akron,OH,2021-08-31,199933.0
North Port-Sarasota-Bradenton,FL,2021-08-31,471667.0
Little Rock,AR,2021-08-31,233333.0
Stockton,CA,2021-08-31,570000.0
Charleston,SC,2021-08-31,464559.0
Syracuse,NY,2021-08-31,199300.0
Colorado Springs,CO,2021-08-31,578487.0
Winston-Salem,NC,2021-08-31,294637.0
Wichita,KS,2021-08-31,220000.0
Springfield,MA,2021-08-31,338267.0
Fort Myers,FL,2021-08-31,397966.0
Boise City,ID,2021-08-31,559188.0
Toledo,OH,2021-08-31,186600.0
Madison,WI,2021-08-31,376600.0
Lakeland,FL,2021-08-31,311333.0
Ogden,UT,2021-08-31,537950.0
Daytona Beach,FL,2021-08-31,341600.0
Des Moines,IA,2021-08-31,319925.0
Provo,UT,2021-08-31,553588.0
Durham,NC,2021-08-31,474933.0
Fort Collins,CO,2021-08-31,497442.0
New York,NY,2021-09-30,642000.0
Los Angeles-Long Beach-Anaheim,CA,2021-09-30,959300.0
Chicago,IL,2021-09-30,341630.0
Dallas-Fort Worth,TX,2021-09-30,399630.0
Philadelphia,PA,2021-09-30,331267.0
Houston,TX,2021-09-30,371797.0
Washington,DC,2021-09-30,526633.0
Miami-Fort Lauderdale,FL,2021-09-30,472667.0
Atlanta,GA,2021-09-30,401667.0
Boston,MA,2021-09-30,672633.0
San Francisco,CA,2021-09-30,942333.0
Detroit,MI,2021-09-30,275933.0
Riverside,CA,2021-09-30,549933.0
Phoenix,AZ,2021-09-30,468163.0
Seattle,WA,2021-09-30,694650.0
Minneapolis-St Paul,MN,2021-09-30,378300.0
San Diego,CA,2021-09-30,844300.0
St. Louis,MO,2021-09-30,253133.0
Tampa,FL,2021-09-30,376319.0
Baltimore,MD,2021-09-30,361330.0
Denver,CO,2021-09-30,612060.0
Pittsburgh,PA,2021-09-30,231500.0
Portland,OR,2021-09-30,581333.0
Charlotte,NC,2021-09-30,403000.0
Sacramento,CA,2021-09-30,619000.0
San Antonio,TX,2021-09-30,348663.0
Orlando,FL,2021-09-30,384963.0
Cincinnati,OH,2021-09-30,335460.0
Cleveland,OH,2021-09-30,211267.0
Kansas City,MO,2021-09-30,358993.0
Las Vegas,NV,2021-09-30,446300.0
Columbus,OH,2021-09-30,335490.0
Indianapolis,IN,2021-09-30,302628.0
San Jose,CA,2021-09-30,1283333.0
Austin,TX,2021-09-30,514229.0
Virginia Beach,VA,2021-09-30,302956.0
Nashville,TN,2021-09-30,453330.0
Providence,RI,2021-09-30,438133.0
Milwaukee,WI,2021-09-30,214333.0
Jacksonville,FL,2021-09-30,357157.0
Memphis,TN,2021-09-30,263663.0
Oklahoma City,OK,2021-09-30,309546.0
Louisville-Jefferson County,KY,2021-09-30,278933.0
Hartford,CT,2021-09-30,326667.0
Richmond,VA,2021-09-30,381950.0
New Orleans,LA,2021-09-30,321000.0
Buffalo,NY,2021-09-30,239633.0
Raleigh,NC,2021-09-30,425632.0
Birmingham,AL,2021-09-30,289633.0
Salt Lake City,UT,2021-09-30,552471.0
Rochester,NY,2021-09-30,234966.0
Grand Rapids,MI,2021-09-30,381133.0
Tucson,AZ,2021-09-30,376233.0
Urban Honolulu,HI,2021-09-30,693000.0
Tulsa,OK,2021-09-30,288489.0
Fresno,CA,2021-09-30,425000.0
Worcester,MA,2021-09-30,403333.0
Stamford,CT,2021-09-30,698867.0
Albuquerque,NM,2021-09-30,373390.0
Albany,NY,2021-09-30,274933.0
Omaha,NE,2021-09-30,311500.0
New Haven,CT,2021-09-30,338267.0
Bakersfield,CA,2021-09-30,322833.0
Knoxville,TN,2021-09-30,339967.0
Greenville,SC,2021-09-30,332600.0
Ventura,CA,2021-09-30,894300.0
Allentown,PA,2021-09-30,336300.0
El Paso,TX,2021-09-30,251633.0
Baton Rouge,LA,2021-09-30,299300.0
Dayton,OH,2021-09-30,234600.0
McAllen,TX,2021-09-30,256300.0
Columbia,SC,2021-09-30,277133.0
Greensboro,NC,2021-09-30,302900.0
Akron,OH,2021-09-30,196567.0
North Port-Sarasota-Bradenton,FL,2021-09-30,480319.0
Little Rock,AR,2021-09-30,231500.0
Stockton,CA,2021-09-30,571667.0
Charleston,SC,2021-09-30,444172.0
Syracuse,NY,2021-09-30,187600.0
Colorado Springs,CO,2021-09-30,563453.0
Winston-Salem,NC,2021-09-30,297536.0
Wichita,KS,2021-09-30,218333.0
Springfield,MA,2021-09-30,329933.0
Fort Myers,FL,2021-09-30,406000.0
Boise City,ID,2021-09-30,551567.0
Toledo,OH,2021-09-30,179267.0
Madison,WI,2021-09-30,373267.0
Lakeland,FL,2021-09-30,315213.0
Ogden,UT,2021-09-30,536217.0
Daytona Beach,FL,2021-09-30,344966.0
Des Moines,IA,2021-09-30,319367.0
Provo,UT,2021-09-30,552313.0
Durham,NC,2021-09-30,471633.0
Fort Collins,CO,2021-09-30,518225.0
New York,NY,2021-10-31,640667.0
Los Angeles-Long Beach-Anaheim,CA,2021-10-31,946633.0
Chicago,IL,2021-10-31,334933.0
Dallas-Fort Worth,TX,2021-10-31,399967.0
Philadelphia,PA,2021-10-31,329633.0
Houston,TX,2021-10-31,371902.0
Washington,DC,2021-10-31,525997.0
Miami-Fort Lauderdale,FL,2021-10-31,479333.0
Atlanta,GA,2021-10-31,400000.0
Boston,MA,2021-10-31,671300.0
San Francisco,CA,2021-10-31,930667.0
Detroit,MI,2021-10-31,261600.0
Riverside,CA,2021-10-31,550697.0
Phoenix,AZ,2021-10-31,471333.0
Seattle,WA,2021-10-31,693000.0
Minneapolis-St Paul,MN,2021-10-31,373333.0
San Diego,CA,2021-10-31,844300.0
St. Louis,MO,2021-10-31,247633.0
Tampa,FL,2021-10-31,379986.0
Baltimore,MD,2021-10-31,354000.0
Denver,CO,2021-10-31,615360.0
Pittsburgh,PA,2021-10-31,226833.0
Portland,OR,2021-10-31,574667.0
Charlotte,NC,2021-10-31,406333.0
Sacramento,CA,2021-10-31,618663.0
San Antonio,TX,2021-10-31,348178.0
Orlando,FL,2021-10-31,391300.0
Cincinnati,OH,2021-10-31,330597.0
Cleveland,OH,2021-10-31,201567.0
Kansas City,MO,2021-10-31,355677.0
Las Vegas,NV,2021-10-31,459300.0
Columbus,OH,2021-10-31,332990.0
Indianapolis,IN,2021-10-31,304328.0
San Jose,CA,2021-10-31,1276667.0
Austin,TX,2021-10-31,518893.0
Virginia Beach,VA,2021-10-31,301333.0
Nashville,TN,2021-10-31,456163.0
Providence,RI,2021-10-31,436433.0
Milwaukee,WI,2021-10-31,209633.0
Jacksonville,FL,2021-10-31,362293.0
Memphis,TN,2021-10-31,267330.0
Oklahoma City,OK,2021-10-31,305276.0
Louisville-Jefferson County,KY,2021-10-31,274967.0
Hartford,CT,2021-10-31,324667.0
Richmond,VA,2021-10-31,385267.0
New Orleans,LA,2021-10-31,321000.0
Buffalo,NY,2021-10-31,233267.0
Raleigh,NC,2021-10-31,425632.0
Birmingham,AL,2021-10-31,294133.0
Salt Lake City,UT,2021-10-31,548000.0
Rochester,NY,2021-10-31,224708.0
Grand Rapids,MI,2021-10-31,374800.0
Tucson,AZ,2021-10-31,370447.0
Urban Honolulu,HI,2021-10-31,691333.0
Tulsa,OK,2021-10-31,288789.0
Fresno,CA,2021-10-31,431667.0
Worcester,MA,2021-10-31,399666.0
Stamford,CT,2021-10-31,682200.0
Albuquerque,NM,2021-10-31,381723.0
Albany,NY,2021-10-31,269933.0
Omaha,NE,2021-10-31,311858.0
New Haven,CT,2021-10-31,336600.0
Bakersfield,CA,2021-10-31,323300.0
Knoxville,TN,2021-10-31,338267.0
Greenville,SC,2021-10-31,330967.0
Ventura,CA,2021-10-31,893967.0
Allentown,PA,2021-10-31,339667.0
El Paso,TX,2021-10-31,252950.0
Baton Rouge,LA,2021-10-31,299333.0
Dayton,OH,2021-10-31,227933.0
McAllen,TX,2021-10-31,258000.0
Columbia,SC,2021-10-31,280433.0
Greensboro,NC,2021-10-31,303567.0
Akron,OH,2021-10-31,189933.0
North Port-Sarasota-Bradenton,FL,2021-10-31,490316.0
Little Rock,AR,2021-10-31,229833.0
Stockton,CA,2021-10-31,563333.0
Charleston,SC,2021-10-31,435637.0
Syracuse,NY,2021-10-31,180933.0
Colorado Springs,CO,2021-10-31,558117.0
Winston-Salem,NC,2021-10-31,300628.0
Wichita,KS,2021-10-31,221667.0
Springfield,MA,2021-10-31,319600.0
Fort Myers,FL,2021-10-31,421633.0
Boise City,ID,2021-10-31,548233.0
Toledo,OH,2021-10-31,170933.0
Madison,WI,2021-10-31,373233.0
Lakeland,FL,2021-10-31,319913.0
Ogden,UT,2021-10-31,534550.0
Daytona Beach,FL,2021-10-31,351133.0
Des Moines,IA,2021-10-31,316487.0
Provo,UT,2021-10-31,552280.0
Durham,NC,2021-10-31,474967.0
Fort Collins,CO,2021-10-31,534933.0
New York,NY,2021-11-30,644333.0
Los Angeles-Long Beach-Anaheim,CA,2021-11-30,946667.0
Chicago,IL,2021-11-30,329933.0
Dallas-Fort Worth,TX,2021-11-30,403667.0
Philadelphia,PA,2021-11-30,329633.0
Houston,TX,2021-11-30,372302.0
Washington,DC,2021-11-30,526993.0
Miami-Fort Lauderdale,FL,2021-11-30,487667.0
Atlanta,GA,2021-11-30,399999.0
Boston,MA,2021-11-30,676633.0
San Francisco,CA,2021-11-30,917333.0
Detroit,MI,2021-11-30,249833.0
Riverside,CA,2021-11-30,550731.0
Phoenix,AZ,2021-11-30,474967.0
Seattle,WA,2021-11-30,691650.0
Minneapolis-St Paul,MN,2021-11-30,373333.0
San Diego,CA,2021-11-30,846000.0
St. Louis,MO,2021-11-30,244267.0
Tampa,FL,2021-11-30,386917.0
Baltimore,MD,2021-11-30,347667.0
Denver,CO,2021-11-30,619967.0
Pittsburgh,PA,2021-11-30,223500.0
Portland,OR,2021-11-30,572963.0
Charlotte,NC,2021-11-30,409667.0
Sacramento,CA,2021-11-30,621996.0
San Antonio,TX,2021-11-30,345145.0
Orlando,FL,2021-11-30,395617.0
Cincinnati,OH,2021-11-30,328933.0
Cleveland,OH,2021-11-30,197600.0
Kansas City,MO,2021-11-30,361665.0
Las Vegas,NV,2021-11-30,468367.0
Columbus,OH,2021-11-30,337823.0
Indianapolis,IN,2021-11-30,307330.0
San Jose,CA,2021-11-30,1255000.0
Austin,TX,2021-11-30,523588.0
Virginia Beach,VA,2021-11-30,301333.0
Nashville,TN,2021-11-30,462497.0
Providence,RI,2021-11-30,433233.0
Milwaukee,WI,2021-11-30,204933.0
Jacksonville,FL,2021-11-30,366280.0
Memphis,TN,2021-11-30,269330.0
Oklahoma City,OK,2021-11-30,305588.0
Louisville-Jefferson County,KY,2021-11-30,271630.0
Hartford,CT,2021-11-30,324667.0
Richmond,VA,2021-11-30,391283.0
New Orleans,LA,2021-11-30,324333.0
Buffalo,NY,2021-11-30,231567.0
Raleigh,NC,2021-11-30,426530.0
Birmingham,AL,2021-11-30,298766.0
Salt Lake City,UT,2021-11-30,545000.0
Rochester,NY,2021-11-30,219375.0
Grand Rapids,MI,2021-11-30,372133.0
Tucson,AZ,2021-11-30,368447.0
Urban Honolulu,HI,2021-11-30,684000.0
Tulsa,OK,2021-11-30,286883.0
Fresno,CA,2021-11-30,439967.0
Worcester,MA,2021-11-30,399333.0
Stamford,CT,2021-11-30,697417.0
Albuquerque,NM,2021-11-30,387055.0
Albany,NY,2021-11-30,265767.0
Omaha,NE,2021-11-30,315192.0
New Haven,CT,2021-11-30,336600.0
Bakersfield,CA,2021-11-30,333133.0
Knoxville,TN,2021-11-30,334933.0
Greenville,SC,2021-11-30,326833.0
Ventura,CA,2021-11-30,902633.0
Allentown,PA,2021-11-30,343000.0
El Paso,TX,2021-11-30,255967.0
Baton Rouge,LA,2021-11-30,305467.0
Dayton,OH,2021-11-30,223130.0
McAllen,TX,2021-11-30,258217.0
Columbia,SC,2021-11-30,285100.0
Greensboro,NC,2021-11-30,308567.0
Akron,OH,2021-11-30,184800.0
North Port-Sarasota-Bradenton,FL,2021-11-30,507282.0
Little Rock,AR,2021-11-30,228167.0
Stockton,CA,2021-11-30,561333.0
Charleston,SC,2021-11-30,430963.0
Syracuse,NY,2021-11-30,178100.0
Colorado Springs,CO,2021-11-30,556263.0
Winston-Salem,NC,2021-11-30,304029.0
Wichita,KS,2021-11-30,228333.0
Springfield,MA,2021-11-30,309633.0
Fort Myers,FL,2021-11-30,438300.0
Boise City,ID,2021-11-30,548267.0
Toledo,OH,2021-11-30,164267.0
Madison,WI,2021-11-30,374900.0
Lakeland,FL,2021-11-30,324483.0
Ogden,UT,2021-11-30,533133.0
Daytona Beach,FL,2021-11-30,355047.0
Des Moines,IA,2021-11-30,317439.0
Provo,UT,2021-11-30,552280.0
Durham,NC,2021-11-30,475000.0
Fort Collins,CO,2021-11-30,552967.0
New York,NY,2021-12-31,647967.0
Los Angeles-Long Beach-Anaheim,CA,2021-12-31,950000.0
Chicago,IL,2021-12-31,324133.0
Dallas-Fort Worth,TX,2021-12-31,410167.0
Philadelphia,PA,2021-12-31,326333.0
Houston,TX,2021-12-31,372118.0
Washington,DC,2021-12-31,528627.0
Miami-Fort Lauderdale,FL,2021-12-31,494667.0
Atlanta,GA,2021-12-31,399966.0
Boston,MA,2021-12-31,684667.0
San Francisco,CA,2021-12-31,907333.0
Detroit,MI,2021-12-31,238167.0
Riverside,CA,2021-12-31,550764.0
Phoenix,AZ,2021-12-31,478300.0
Seattle,WA,2021-12-31,686633.0
Minneapolis-St Paul,MN,2021-12-31,378300.0
San Diego,CA,2021-12-31,849665.0
St. Louis,MO,2021-12-31,242633.0
Tampa,FL,2021-12-31,393583.0
Baltimore,MD,2021-12-31,342633.0
Denver,CO,2021-12-31,626630.0
Pittsburgh,PA,2021-12-31,218000.0
Portland,OR,2021-12-31,572963.0
Charlotte,NC,2021-12-31,410000.0
Sacramento,CA,2021-12-31,629630.0
San Antonio,TX,2021-12-31,342719.0
Orlando,FL,2021-12-31,398950.0
Cincinnati,OH,2021-12-31,330130.0
Cleveland,OH,2021-12-31,194967.0
Kansas City,MO,2021-12-31,373748.0
Las Vegas,NV,2021-12-31,478400.0
Columbus,OH,2021-12-31,346500.0
Indianapolis,IN,2021-12-31,311302.0
San Jose,CA,2021-12-31,1228000.0
Austin,TX,2021-12-31,523900.0
Virginia Beach,VA,2021-12-31,300000.0
Nashville,TN,2021-12-31,466272.0
Providence,RI,2021-12-31,431600.0
Milwaukee,WI,2021-12-31,198267.0
Jacksonville,FL,2021-12-31,368613.0
Memphis,TN,2021-12-31,267333.0
Oklahoma City,OK,2021-12-31,310479.0
Louisville-Jefferson County,KY,2021-12-31,270997.0
Hartford,CT,2021-12-31,329633.0
Richmond,VA,2021-12-31,401297.0
New Orleans,LA,2021-12-31,327333.0
Buffalo,NY,2021-12-31,229859.0
Raleigh,NC,2021-12-31,427511.0
Birmingham,AL,2021-12-31,300999.0
Salt Lake City,UT,2021-12-31,555000.0
Rochester,NY,2021-12-31,216042.0
Grand Rapids,MI,2021-12-31,376233.0
Tucson,AZ,2021-12-31,368343.0
Urban Honolulu,HI,2021-12-31,670667.0
Tulsa,OK,2021-12-31,283983.0
Fresno,CA,2021-12-31,449967.0
Worcester,MA,2021-12-31,396000.0
Stamford,CT,2021-12-31,715967.0
Albuquerque,NM,2021-12-31,389313.0
Albany,NY,2021-12-31,264100.0
Omaha,NE,2021-12-31,330688.0
New Haven,CT,2021-12-31,336567.0
Bakersfield,CA,2021-12-31,343117.0
Knoxville,TN,2021-12-31,331600.0
Greenville,SC,2021-12-31,323000.0
Ventura,CA,2021-12-31,906000.0
Allentown,PA,2021-12-31,343300.0
El Paso,TX,2021-12-31,259408.0
Baton Rouge,LA,2021-12-31,313967.0
Dayton,OH,2021-12-31,221797.0
McAllen,TX,2021-12-31,258547.0
Columbia,SC,2021-12-31,288827.0
Greensboro,NC,2021-12-31,318233.0
Akron,OH,2021-12-31,178133.0
North Port-Sarasota-Bradenton,FL,2021-12-31,521753.0
Little Rock,AR,2021-12-31,224967.0
Stockton,CA,2021-12-31,569583.0
Charleston,SC,2021-12-31,431433.0
Syracuse,NY,2021-12-31,176433.0
Colorado Springs,CO,2021-12-31,562930.0
Winston-Salem,NC,2021-12-31,305496.0
Wichita,KS,2021-12-31,238333.0
Springfield,MA,2021-12-31,305600.0
Fort Myers,FL,2021-12-31,448600.0
Boise City,ID,2021-12-31,556600.0
Toledo,OH,2021-12-31,158233.0
Madison,WI,2021-12-31,381567.0
Lakeland,FL,2021-12-31,329035.0
Ogden,UT,2021-12-31,537216.0
Daytona Beach,FL,2021-12-31,355080.0
Des Moines,IA,2021-12-31,320773.0
Provo,UT,2021-12-31,563627.0
Durham,NC,2021-12-31,472253.0
Fort Collins,CO,2021-12-31,565083.0
New York,NY,2022-01-31,655967.0
Los Angeles-Long Beach-Anaheim,CA,2022-01-31,958333.0
Chicago,IL,2022-01-31,320133.0
Dallas-Fort Worth,TX,2022-01-31,417500.0
Philadelphia,PA,2022-01-31,321333.0
Houston,TX,2022-01-31,371030.0
Washington,DC,2022-01-31,533541.0
Miami-Fort Lauderdale,FL,2022-01-31,505000.0
Atlanta,GA,2022-01-31,399300.0
Boston,MA,2022-01-31,691300.0
San Francisco,CA,2022-01-31,898667.0
Detroit,MI,2022-01-31,226500.0
Riverside,CA,2022-01-31,550000.0
Phoenix,AZ,2022-01-31,482967.0
Seattle,WA,2022-01-31,690297.0
Minneapolis-St Paul,MN,2022-01-31,389297.0
San Diego,CA,2022-01-31,858331.0
St. Louis,MO,2022-01-31,244800.0
Tampa,FL,2022-01-31,398550.0
Baltimore,MD,2022-01-31,336633.0
Denver,CO,2022-01-31,632488.0
Pittsburgh,PA,2022-01-31,211333.0
Portland,OR,2022-01-31,579628.0
Charlotte,NC,2022-01-31,407000.0
Sacramento,CA,2022-01-31,638266.0
San Antonio,TX,2022-01-31,343537.0
Orlando,FL,2022-01-31,402583.0
Cincinnati,OH,2022-01-31,336963.0
Cleveland,OH,2022-01-31,191667.0
Kansas City,MO,2022-01-31,391998.0
Las Vegas,NV,2022-01-31,488734.0
Columbus,OH,2022-01-31,354800.0
Indianapolis,IN,2022-01-31,316302.0
San Jose,CA,2022-01-31,1236000.0
Austin,TX,2022-01-31,525233.0
Virginia Beach,VA,2022-01-31,301663.0
Nashville,TN,2022-01-31,463439.0
Providence,RI,2022-01-31,434933.0
Milwaukee,WI,2022-01-31,194933.0
Jacksonville,FL,2022-01-31,371647.0
Memphis,TN,2022-01-31,260333.0
Oklahoma City,OK,2022-01-31,321698.0
Louisville-Jefferson County,KY,2022-01-31,271663.0
Hartford,CT,2022-01-31,337967.0
Richmond,VA,2022-01-31,412980.0
New Orleans,LA,2022-01-31,329000.0
Buffalo,NY,2022-01-31,228226.0
Raleigh,NC,2022-01-31,428175.0
Birmingham,AL,2022-01-31,295167.0
Salt Lake City,UT,2022-01-31,572551.0
Rochester,NY,2022-01-31,218000.0
Grand Rapids,MI,2022-01-31,389144.0
Tucson,AZ,2022-01-31,371630.0
Urban Honolulu,HI,2022-01-31,664000.0
Tulsa,OK,2022-01-31,287349.0
Fresno,CA,2022-01-31,453300.0
Worcester,MA,2022-01-31,393000.0
Stamford,CT,2022-01-31,756000.0
Albuquerque,NM,2022-01-31,390313.0
Albany,NY,2022-01-31,262433.0
Omaha,NE,2022-01-31,355330.0
New Haven,CT,2022-01-31,338233.0
Bakersfield,CA,2022-01-31,346483.0
Knoxville,TN,2022-01-31,338267.0
Greenville,SC,2022-01-31,324633.0
Ventura,CA,2022-01-31,912667.0
Allentown,PA,2022-01-31,348348.0
El Paso,TX,2022-01-31,262925.0
Baton Rouge,LA,2022-01-31,325933.0
Dayton,OH,2022-01-31,225163.0
McAllen,TX,2022-01-31,258212.0
Columbia,SC,2022-01-31,292527.0
Greensboro,NC,2022-01-31,327930.0
Akron,OH,2022-01-31,171133.0
North Port-Sarasota-Bradenton,FL,2022-01-31,533390.0
Little Rock,AR,2022-01-31,223267.0
Stockton,CA,2022-01-31,583543.0
Charleston,SC,2022-01-31,438297.0
Syracuse,NY,2022-01-31,171433.0
Colorado Springs,CO,2022-01-31,571551.0
Winston-Salem,NC,2022-01-31,306067.0
Wichita,KS,2022-01-31,246633.0
Springfield,MA,2022-01-31,310967.0
Fort Myers,FL,2022-01-31,449967.0
Boise City,ID,2022-01-31,575267.0
Toledo,OH,2022-01-31,151567.0
Madison,WI,2022-01-31,390967.0
Lakeland,FL,2022-01-31,333702.0
Ogden,UT,2022-01-31,550416.0
Daytona Beach,FL,2022-01-31,355247.0
Des Moines,IA,2022-01-31,327351.0
Provo,UT,2022-01-31,586960.0
Durham,NC,2022-01-31,471253.0
Fort Collins,CO,2022-01-31,568383.0
New York,NY,2022-02-28,668967.0
Los Angeles-Long Beach-Anaheim,CA,2022-02-28,973333.0
Chicago,IL,2022-02-28,321183.0
Dallas-Fort Worth,TX,2022-02-28,423800.0
Philadelphia,PA,2022-02-28,316667.0
Houston,TX,2022-02-28,372830.0
Washington,DC,2022-02-28,544211.0
Miami-Fort Lauderdale,FL,2022-02-28,523300.0
Atlanta,GA,2022-02-28,397633.0
Boston,MA,2022-02-28,713632.0
San Francisco,CA,2022-02-28,912333.0
Detroit,MI,2022-02-28,216567.0
Riverside,CA,2022-02-28,551633.0
Phoenix,AZ,2022-02-28,488000.0
Seattle,WA,2022-02-28,711647.0
Minneapolis-St Paul,MN,2022-02-28,402802.0
San Diego,CA,2022-02-28,874665.0
St. Louis,MO,2022-02-28,251500.0
Tampa,FL,2022-02-28,406300.0
Baltimore,MD,2022-02-28,333300.0
Denver,CO,2022-02-28,640821.0
Pittsburgh,PA,2022-02-28,208300.0
Portland,OR,2022-02-28,586665.0
Charlotte,NC,2022-02-28,403667.0
Sacramento,CA,2022-02-28,649263.0
San Antonio,TX,2022-02-28,351567.0
Orlando,FL,2022-02-28,410597.0
Cincinnati,OH,2022-02-28,348297.0
Cleveland,OH,2022-02-28,184000.0
Kansas City,MO,2022-02-28,410833.0
Las Vegas,NV,2022-02-28,501667.0
Columbus,OH,2022-02-28,361600.0
Indianapolis,IN,2022-02-28,322633.0
San Jose,CA,2022-02-28,1282667.0
Austin,TX,2022-02-28,533997.0
Virginia Beach,VA,2022-02-28,305830.0
Nashville,TN,2022-02-28,470439.0
Providence,RI,2022-02-28,441633.0
Milwaukee,WI,2022-02-28,193300.0
Jacksonville,FL,2022-02-28,378510.0
Memphis,TN,2022-02-28,249967.0
Oklahoma City,OK,2022-02-28,336219.0
Louisville-Jefferson County,KY,2022-02-28,278000.0
Hartford,CT,2022-02-28,349300.0
Richmond,VA,2022-02-28,423280.0
New Orleans,LA,2022-02-28,331958.0
Buffalo,NY,2022-02-28,228092.0
Raleigh,NC,2022-02-28,430278.0
Birmingham,AL,2022-02-28,280500.0
Salt Lake City,UT,2022-02-28,589217.0
Rochester,NY,2022-02-28,221633.0
Grand Rapids,MI,2022-02-28,406844.0
Tucson,AZ,2022-02-28,377333.0
Urban Honolulu,HI,2022-02-28,670000.0
Tulsa,OK,2022-02-28,299917.0
Fresno,CA,2022-02-28,441667.0
Worcester,MA,2022-02-28,395000.0
Stamford,CT,2022-02-28,821333.0
Albuquerque,NM,2022-02-28,393650.0
Albany,NY,2022-02-28,264900.0
Omaha,NE,2022-02-28,380327.0
New Haven,CT,2022-02-28,341267.0
Bakersfield,CA,2022-02-28,345983.0
Knoxville,TN,2022-02-28,353300.0
Greenville,SC,2022-02-28,333814.0
Ventura,CA,2022-02-28,921333.0
Allentown,PA,2022-02-28,351648.0
El Paso,TX,2022-02-28,266258.0
Baton Rouge,LA,2022-02-28,333633.0
Dayton,OH,2022-02-28,236666.0
McAllen,TX,2022-02-28,258295.0
Columbia,SC,2022-02-28,297160.0
Greensboro,NC,2022-02-28,336430.0
Akron,OH,2022-02-28,168967.0
North Port-Sarasota-Bradenton,FL,2022-02-28,549756.0
Little Rock,AR,2022-02-28,223267.0
Stockton,CA,2022-02-28,593876.0
Charleston,SC,2022-02-28,457963.0
Syracuse,NY,2022-02-28,175767.0
Colorado Springs,CO,2022-02-28,581585.0
Winston-Salem,NC,2022-02-28,309097.0
Wichita,KS,2022-02-28,256300.0
Springfield,MA,2022-02-28,310967.0
Fort Myers,FL,2022-02-28,463300.0
Boise City,ID,2022-02-28,608600.0
Toledo,OH,2022-02-28,145600.0
Madison,WI,2022-02-28,400667.0
Lakeland,FL,2022-02-28,340600.0
Ogden,UT,2022-02-28,572717.0
Daytona Beach,FL,2022-02-28,362667.0
Des Moines,IA,2022-02-28,336995.0
Provo,UT,2022-02-28,622963.0
Durham,NC,2022-02-28,479553.0
Fort Collins,CO,2022-02-28,560167.0
New York,NY,2022-03-31,685000.0
Los Angeles-Long Beach-Anaheim,CA,2022-03-31,990000.0
Chicago,IL,2022-03-31,328650.0
Dallas-Fort Worth,TX,2022-03-31,436633.0
Philadelphia,PA,2022-03-31,315000.0
Houston,TX,2022-03-31,379167.0
Washington,DC,2022-03-31,559244.0
Miami-Fort Lauderdale,FL,2022-03-31,549630.0
Atlanta,GA,2022-03-31,397667.0
Boston,MA,2022-03-31,733632.0
San Francisco,CA,2022-03-31,942629.0
Detroit,MI,2022-03-31,214933.0
Riverside,CA,2022-03-31,559967.0
Phoenix,AZ,2022-03-31,494633.0
Seattle,WA,2022-03-31,747880.0
Minneapolis-St Paul,MN,2022-03-31,414468.0
San Diego,CA,2022-03-31,896667.0
St. Louis,MO,2022-03-31,259800.0
Tampa,FL,2022-03-31,416633.0
Baltimore,MD,2022-03-31,336667.0
Denver,CO,2022-03-31,654158.0
Pittsburgh,PA,2022-03-31,208300.0
Portland,OR,2022-03-31,594965.0
Charlotte,NC,2022-03-31,405500.0
Sacramento,CA,2022-03-31,655963.0
San Antonio,TX,2022-03-31,361330.0
Orlando,FL,2022-03-31,425152.0
Cincinnati,OH,2022-03-31,359600.0
Cleveland,OH,2022-03-31,180000.0
Kansas City,MO,2022-03-31,423733.0
Las Vegas,NV,2022-03-31,513333.0
Columbus,OH,2022-03-31,366267.0
Indianapolis,IN,2022-03-31,326298.0
San Jose,CA,2022-03-31,1359667.0
Austin,TX,2022-03-31,556993.0
Virginia Beach,VA,2022-03-31,312497.0
Nashville,TN,2022-03-31,489333.0
Providence,RI,2022-03-31,453267.0
Milwaukee,WI,2022-03-31,196600.0
Jacksonville,FL,2022-03-31,392845.0
Memphis,TN,2022-03-31,241633.0
Oklahoma City,OK,2022-03-31,351328.0
Louisville-Jefferson County,KY,2022-03-31,286333.0
Hartford,CT,2022-03-31,355967.0
Richmond,VA,2022-03-31,419783.0
New Orleans,LA,2022-03-31,334292.0
Buffalo,NY,2022-03-31,231467.0
Raleigh,NC,2022-03-31,440701.0
Birmingham,AL,2022-03-31,264967.0
Salt Lake City,UT,2022-03-31,605884.0
Rochester,NY,2022-03-31,224933.0
Grand Rapids,MI,2022-03-31,421911.0
Tucson,AZ,2022-03-31,387337.0
Urban Honolulu,HI,2022-03-31,691667.0
Tulsa,OK,2022-03-31,315040.0
Fresno,CA,2022-03-31,431633.0
Worcester,MA,2022-03-31,406667.0
Stamford,CT,2022-03-31,874666.0
Albuquerque,NM,2022-03-31,405317.0
Albany,NY,2022-03-31,269900.0
Omaha,NE,2022-03-31,393993.0
New Haven,CT,2022-03-31,354600.0
Bakersfield,CA,2022-03-31,350667.0
Knoxville,TN,2022-03-31,366633.0
Greenville,SC,2022-03-31,342480.0
Ventura,CA,2022-03-31,945904.0
Allentown,PA,2022-03-31,356982.0
El Paso,TX,2022-03-31,270830.0
Baton Rouge,LA,2022-03-31,338633.0
Dayton,OH,2022-03-31,248333.0
McAllen,TX,2022-03-31,259628.0
Columbia,SC,2022-03-31,303295.0
Greensboro,NC,2022-03-31,343597.0
Akron,OH,2022-03-31,177333.0
North Port-Sarasota-Bradenton,FL,2022-03-31,574967.0
Little Rock,AR,2022-03-31,228300.0
Stockton,CA,2022-03-31,612293.0
Charleston,SC,2022-03-31,484630.0
Syracuse,NY,2022-03-31,180767.0
Colorado Springs,CO,2022-03-31,591585.0
Winston-Salem,NC,2022-03-31,318497.0
Wichita,KS,2022-03-31,264300.0
Springfield,MA,2022-03-31,314967.0
Fort Myers,FL,2022-03-31,486667.0
Boise City,ID,2022-03-31,641933.0
Toledo,OH,2022-03-31,148967.0
Madison,WI,2022-03-31,409000.0
Lakeland,FL,2022-03-31,348633.0
Ogden,UT,2022-03-31,586717.0
Daytona Beach,FL,2022-03-31,375833.0
Des Moines,IA,2022-03-31,347962.0
Provo,UT,2022-03-31,659967.0
Durham,NC,2022-03-31,502300.0
Fort Collins,CO,2022-03-31,548050.0
New York,NY,2022-04-30,695000.0
Los Angeles-Long Beach-Anaheim,CA,2022-04-30,998333.0
Chicago,IL,2022-04-30,339317.0
Dallas-Fort Worth,TX,2022-04-30,453963.0
Philadelphia,PA,2022-04-30,318333.0
Houston,TX,2022-04-30,388833.0
Washington,DC,2022-04-30,575667.0
Miami-Fort Lauderdale,FL,2022-04-30,576297.0
Atlanta,GA,2022-04-30,403333.0
Boston,MA,2022-04-30,749998.0
San Francisco,CA,2022-04-30,975629.0
Detroit,MI,2022-04-30,223300.0
Riverside,CA,2022-04-30,576333.0
Phoenix,AZ,2022-04-30,505300.0
Seattle,WA,2022-04-30,787550.0
Minneapolis-St Paul,MN,2022-04-30,421772.0
San Diego,CA,2022-04-30,921333.0
St. Louis,MO,2022-04-30,264800.0
Tampa,FL,2022-04-30,432300.0
Baltimore,MD,2022-04-30,348300.0
Denver,CO,2022-04-30,673333.0
Pittsburgh,PA,2022-04-30,213300.0
Portland,OR,2022-04-30,598267.0
Charlotte,NC,2022-04-30,410163.0
Sacramento,CA,2022-04-30,662663.0
San Antonio,TX,2022-04-30,369663.0
Orlando,FL,2022-04-30,440852.0
Cincinnati,OH,2022-04-30,365967.0
Cleveland,OH,2022-04-30,180833.0
Kansas City,MO,2022-04-30,427150.0
Las Vegas,NV,2022-04-30,521667.0
Columbus,OH,2022-04-30,367967.0
Indianapolis,IN,2022-04-30,329632.0
San Jose,CA,2022-04-30,1409667.0
Austin,TX,2022-04-30,584330.0
Virginia Beach,VA,2022-04-30,320833.0
Nashville,TN,2022-04-30,518667.0
Providence,RI,2022-04-30,466600.0
Milwaukee,WI,2022-04-30,201633.0
Jacksonville,FL,2022-04-30,411845.0
Memphis,TN,2022-04-30,241633.0
Oklahoma City,OK,2022-04-30,359515.0
Louisville-Jefferson County,KY,2022-04-30,291997.0
Hartford,CT,2022-04-30,356267.0
Richmond,VA,2022-04-30,416466.0
New Orleans,LA,2022-04-30,333958.0
Buffalo,NY,2022-04-30,236433.0
Raleigh,NC,2022-04-30,456705.0
Birmingham,AL,2022-04-30,255633.0
Salt Lake City,UT,2022-04-30,631967.0
Rochester,NY,2022-04-30,216567.0
Grand Rapids,MI,2022-04-30,431333.0
Tucson,AZ,2022-04-30,402170.0
Urban Honolulu,HI,2022-04-30,721667.0
Tulsa,OK,2022-04-30,330123.0
Fresno,CA,2022-04-30,431300.0
Worcester,MA,2022-04-30,421667.0
Stamford,CT,2022-04-30,901000.0
Albuquerque,NM,2022-04-30,414317.0
Albany,NY,2022-04-30,276567.0
Omaha,NE,2022-04-30,392657.0
New Haven,CT,2022-04-30,360467.0
Bakersfield,CA,2022-04-30,364000.0
Knoxville,TN,2022-04-30,379966.0
Greenville,SC,2022-04-30,352147.0
Ventura,CA,2022-04-30,947904.0
Allentown,PA,2022-04-30,358067.0
El Paso,TX,2022-04-30,274080.0
Baton Rouge,LA,2022-04-30,336633.0
Dayton,OH,2022-04-30,244999.0
McAllen,TX,2022-04-30,261627.0
Columbia,SC,2022-04-30,309525.0
Greensboro,NC,2022-04-30,350600.0
Akron,OH,2022-04-30,190667.0
North Port-Sarasota-Bradenton,FL,2022-04-30,604997.0
Little Rock,AR,2022-04-30,233333.0
Stockton,CA,2022-04-30,631333.0
Charleston,SC,2022-04-30,505967.0
Syracuse,NY,2022-04-30,190800.0
Colorado Springs,CO,2022-04-30,596633.0
Winston-Salem,NC,2022-04-30,330863.0
Wichita,KS,2022-04-30,269000.0
Springfield,MA,2022-04-30,319933.0
Fort Myers,FL,2022-04-30,510000.0
Boise City,ID,2022-04-30,664967.0
Toledo,OH,2022-04-30,157300.0
Madison,WI,2022-04-30,412933.0
Lakeland,FL,2022-04-30,359933.0
Ogden,UT,2022-04-30,596883.0
Daytona Beach,FL,2022-04-30,389500.0
Des Moines,IA,2022-04-30,356798.0
Provo,UT,2022-04-30,686667.0
Durham,NC,2022-04-30,523300.0
Fort Collins,CO,2022-04-30,546383.0
New York,NY,2022-05-31,698667.0
Los Angeles-Long Beach-Anaheim,CA,2022-05-31,999999.0
Chicago,IL,2022-05-31,348267.0
Dallas-Fort Worth,TX,2022-05-31,473663.0
Philadelphia,PA,2022-05-31,326333.0
Houston,TX,2022-05-31,397663.0
Washington,DC,2022-05-31,588967.0
Miami-Fort Lauderdale,FL,2022-05-31,607997.0
Atlanta,GA,2022-05-31,413333.0
Boston,MA,2022-05-31,759000.0
San Francisco,CA,2022-05-31,995596.0
Detroit,MI,2022-05-31,241650.0
Riverside,CA,2022-05-31,591300.0
Phoenix,AZ,2022-05-31,520300.0
Seattle,WA,2022-05-31,820414.0
Minneapolis-St Paul,MN,2022-05-31,422954.0
San Diego,CA,2022-05-31,938333.0
St. Louis,MO,2022-05-31,266467.0
Tampa,FL,2022-05-31,443967.0
Baltimore,MD,2022-05-31,363300.0
Denver,CO,2022-05-31,690000.0
Pittsburgh,PA,2022-05-31,218333.0
Portland,OR,2022-05-31,599933.0
Charlotte,NC,2022-05-31,420160.0
Sacramento,CA,2022-05-31,663333.0
San Antonio,TX,2022-05-31,379167.0
Orlando,FL,2022-05-31,458522.0
Cincinnati,OH,2022-05-31,363633.0
Cleveland,OH,2022-05-31,189167.0
Kansas City,MO,2022-05-31,427983.0
Las Vegas,NV,2022-05-31,526333.0
Columbus,OH,2022-05-31,365233.0
Indianapolis,IN,2022-05-31,331566.0
San Jose,CA,2022-05-31,1455667.0
Austin,TX,2022-05-31,609296.0
Virginia Beach,VA,2022-05-31,329000.0
Nashville,TN,2022-05-31,541967.0
Providence,RI,2022-05-31,474933.0
Milwaukee,WI,2022-05-31,213267.0
Jacksonville,FL,2022-05-31,429328.0
Memphis,TN,2022-05-31,253333.0
Oklahoma City,OK,2022-05-31,357695.0
Louisville-Jefferson County,KY,2022-05-31,291997.0
Hartford,CT,2022-05-31,356267.0
Richmond,VA,2022-05-31,413133.0
New Orleans,LA,2022-05-31,329667.0
Buffalo,NY,2022-05-31,239933.0
Raleigh,NC,2022-05-31,473371.0
Birmingham,AL,2022-05-31,261050.0
Salt Lake City,UT,2022-05-31,655800.0
Rochester,NY,2022-05-31,213233.0
Grand Rapids,MI,2022-05-31,435067.0
Tucson,AZ,2022-05-31,415948.0
Urban Honolulu,HI,2022-05-31,750000.0
Tulsa,OK,2022-05-31,337106.0
Fresno,CA,2022-05-31,444633.0
Worcester,MA,2022-05-31,439967.0
Stamford,CT,2022-05-31,861000.0
Albuquerque,NM,2022-05-31,422950.0
Albany,NY,2022-05-31,279900.0
Omaha,NE,2022-05-31,385990.0
New Haven,CT,2022-05-31,367133.0
Bakersfield,CA,2022-05-31,381300.0
Knoxville,TN,2022-05-31,393300.0
Greenville,SC,2022-05-31,357466.0
Ventura,CA,2022-05-31,955904.0
Allentown,PA,2022-05-31,364433.0
El Paso,TX,2022-05-31,277413.0
Baton Rouge,LA,2022-05-31,328300.0
Dayton,OH,2022-05-31,233333.0
McAllen,TX,2022-05-31,264993.0
Columbia,SC,2022-05-31,313191.0
Greensboro,NC,2022-05-31,360797.0
Akron,OH,2022-05-31,194633.0
North Port-Sarasota-Bradenton,FL,2022-05-31,626330.0
Little Rock,AR,2022-05-31,243333.0
Stockton,CA,2022-05-31,644667.0
Charleston,SC,2022-05-31,518000.0
Syracuse,NY,2022-05-31,198267.0
Colorado Springs,CO,2022-05-31,605867.0
Winston-Salem,NC,2022-05-31,340867.0
Wichita,KS,2022-05-31,269000.0
Springfield,MA,2022-05-31,336567.0
Fort Myers,FL,2022-05-31,513333.0
Boise City,ID,2022-05-31,664933.0
Toledo,OH,2022-05-31,166600.0
Madison,WI,2022-05-31,413233.0
Lakeland,FL,2022-05-31,371933.0
Ogden,UT,2022-05-31,602883.0
Daytona Beach,FL,2022-05-31,399800.0
Des Moines,IA,2022-05-31,357468.0
Provo,UT,2022-05-31,684967.0
Durham,NC,2022-05-31,531667.0
Fort Collins,CO,2022-05-31,560230.0
New York,NY,2022-06-30,697667.0
Los Angeles-Long Beach-Anaheim,CA,2022-06-30,999666.0
Chicago,IL,2022-06-30,354633.0
Dallas-Fort Worth,TX,2022-06-30,485997.0
Philadelphia,PA,2022-06-30,334633.0
Houston,TX,2022-06-30,404297.0
Washington,DC,2022-06-30,597300.0
Miami-Fort Lauderdale,FL,2022-06-30,631633.0
Atlanta,GA,2022-06-30,426633.0
Boston,MA,2022-06-30,759000.0
San Francisco,CA,2022-06-30,1011320.0
Detroit,MI,2022-06-30,261317.0
Riverside,CA,2022-06-30,599600.0
Phoenix,AZ,2022-06-30,533667.0
Seattle,WA,2022-06-30,826756.0
Minneapolis-St Paul,MN,2022-06-30,417987.0
San Diego,CA,2022-06-30,949333.0
St. Louis,MO,2022-06-30,264833.0
Tampa,FL,2022-06-30,450633.0
Baltimore,MD,2022-06-30,373300.0
Denver,CO,2022-06-30,693333.0
Pittsburgh,PA,2022-06-30,224667.0
Portland,OR,2022-06-30,599966.0
Charlotte,NC,2022-06-30,429960.0
Sacramento,CA,2022-06-30,659967.0
San Antonio,TX,2022-06-30,388833.0
Orlando,FL,2022-06-30,469000.0
Cincinnati,OH,2022-06-30,354667.0
Cleveland,OH,2022-06-30,201667.0
Kansas City,MO,2022-06-30,419667.0
Las Vegas,NV,2022-06-30,523000.0
Columbus,OH,2022-06-30,362233.0
Indianapolis,IN,2022-06-30,330533.0
San Jose,CA,2022-06-30,1462333.0
Austin,TX,2022-06-30,616966.0
Virginia Beach,VA,2022-06-30,335633.0
Nashville,TN,2022-06-30,561967.0
Providence,RI,2022-06-30,484633.0
Milwaukee,WI,2022-06-30,229633.0
Jacksonville,FL,2022-06-30,437663.0
Memphis,TN,2022-06-30,266667.0
Oklahoma City,OK,2022-06-30,348025.0
Louisville-Jefferson County,KY,2022-06-30,289630.0
Hartford,CT,2022-06-30,359633.0
Richmond,VA,2022-06-30,416633.0
New Orleans,LA,2022-06-30,326333.0
Buffalo,NY,2022-06-30,243266.0
Raleigh,NC,2022-06-30,486333.0
Birmingham,AL,2022-06-30,271433.0
Salt Lake City,UT,2022-06-30,664100.0
Rochester,NY,2022-06-30,214900.0
Grand Rapids,MI,2022-06-30,433400.0
Tucson,AZ,2022-06-30,422666.0
Urban Honolulu,HI,2022-06-30,785000.0
Tulsa,OK,2022-06-30,336717.0
Fresno,CA,2022-06-30,451333.0
Worcester,MA,2022-06-30,448267.0
Stamford,CT,2022-06-30,836333.0
Albuquerque,NM,2022-06-30,422300.0
Albany,NY,2022-06-30,283233.0
Omaha,NE,2022-06-30,378660.0
New Haven,CT,2022-06-30,368833.0
Bakersfield,CA,2022-06-30,393133.0
Knoxville,TN,2022-06-30,401633.0
Greenville,SC,2022-06-30,362970.0
Ventura,CA,2022-06-30,944667.0
Allentown,PA,2022-06-30,365100.0
El Paso,TX,2022-06-30,277217.0
Baton Rouge,LA,2022-06-30,319967.0
Dayton,OH,2022-06-30,221333.0
McAllen,TX,2022-06-30,268330.0
Columbia,SC,2022-06-30,317530.0
Greensboro,NC,2022-06-30,368463.0
Akron,OH,2022-06-30,196300.0
North Port-Sarasota-Bradenton,FL,2022-06-30,631330.0
Little Rock,AR,2022-06-30,251333.0
Stockton,CA,2022-06-30,644667.0
Charleston,SC,2022-06-30,519667.0
Syracuse,NY,2022-06-30,209933.0
Colorado Springs,CO,2022-06-30,605567.0
Winston-Salem,NC,2022-06-30,343467.0
Wichita,KS,2022-06-30,269333.0
Springfield,MA,2022-06-30,346600.0
Fort Myers,FL,2022-06-30,506633.0
Boise City,ID,2022-06-30,641633.0
Toledo,OH,2022-06-30,169933.0
Madison,WI,2022-06-30,411600.0
Lakeland,FL,2022-06-30,380600.0
Ogden,UT,2022-06-30,603300.0
Daytona Beach,FL,2022-06-30,409633.0
Des Moines,IA,2022-06-30,358835.0
Provo,UT,2022-06-30,669300.0
Durham,NC,2022-06-30,520000.0
Fort Collins,CO,2022-06-30,580230.0
