Date,City,State,Avg_Rent,%Change_Rent
2020-07-31,New York,NY,2663,-1.15
2020-07-31,Los Angeles-Long Beach-Anaheim,CA,2446,0.0
2020-07-31,Chicago,IL,1723,-0.23
2020-07-31,Dallas-Fort Worth,TX,1431,0.21
2020-07-31,Philadelphia,PA,1590,0.06
2020-07-31,Houston,TX,1355,-0.07
2020-07-31,Washington,DC,2010,-0.2
2020-07-31,Miami-Fort Lauderdale,FL,1941,0.15
2020-07-31,Atlanta,GA,1484,0.75
2020-07-31,Boston,MA,2528,-0.51
2020-07-31,San Francisco,CA,3042,-1.01
2020-07-31,Detroit,MI,1207,1.17
2020-07-31,Riverside,CA,1945,1.25
2020-07-31,Phoenix,AZ,1413,0.86
2020-07-31,Seattle,WA,1951,-0.15
2020-07-31,Minneapolis-St Paul,MN,1511,-0.2
2020-07-31,San Diego,CA,2357,0.3
2020-07-31,St. Louis,MO,1087,0.56
2020-07-31,Tampa,FL,1479,0.61
2020-07-31,Baltimore,MD,1525,0.46
2020-07-31,Denver,CO,1657,0.3
2020-07-31,Pittsburgh,PA,1188,-0.17
2020-07-31,Portland,OR,1599,0.44
2020-07-31,Charlotte,NC,1400,0.57
2020-07-31,Sacramento,CA,1868,1.03
2020-07-31,San Antonio,TX,1218,0.5
2020-07-31,Orlando,FL,1526,0.39
2020-07-31,Cleveland,OH,1160,0.0
2020-07-31,Kansas City,MO,1145,0.79
2020-07-31,Las Vegas,NV,1386,1.24
2020-07-31,Columbus,OH,1217,0.58
2020-07-31,Indianapolis,IN,1211,0.58
2020-07-31,Austin,TX,1456,0.07
2020-07-31,Virginia Beach,VA,1326,1.22
2020-07-31,Nashville,TN,1477,0.34
2020-07-31,Providence,RI,1523,1.67
2020-07-31,Jacksonville,FL,1335,0.6
2020-07-31,Memphis,TN,1195,1.01
2020-07-31,Oklahoma City,OK,1121,0.36
2020-07-31,Louisville-Jefferson County,KY,1107,0.45
2020-07-31,Hartford,CT,1390,0.51
2020-07-31,New Orleans,LA,1248,0.4
2020-07-31,Buffalo,NY,1059,0.47
2020-07-31,Raleigh,NC,1388,0.43
2020-07-31,Birmingham,AL,1129,1.16
2020-07-31,Salt Lake City,UT,1312,0.38
2020-07-31,Grand Rapids,MI,1220,0.33
2020-07-31,Tucson,AZ,1221,0.91
2020-07-31,Urban Honolulu,HI,2319,0.04
2020-07-31,Tulsa,OK,1059,1.15
2020-07-31,Fresno,CA,1561,0.13
2020-07-31,Worcester,MA,1511,0.67
2020-07-31,Stamford,CT,2237,0.63
2020-07-31,Albuquerque,NM,1177,1.9
2020-07-31,Albany,NY,1229,0.08
2020-07-31,Omaha,NE,1072,0.66
2020-07-31,New Haven,CT,1605,-0.62
2020-07-31,Bakersfield,CA,1364,1.79
2020-07-31,Knoxville,TN,1238,0.98
2020-07-31,Greenville,SC,1221,-0.49
2020-07-31,Ventura,CA,2465,0.57
2020-07-31,Allentown,PA,1425,0.56
2020-07-31,El Paso,TX,1125,1.08
2020-07-31,Baton Rouge,LA,1199,0.67
2020-07-31,Dayton,OH,1068,0.85
2020-07-31,Greensboro,NC,1100,1.1
2020-07-31,Akron,OH,980,0.1
2020-07-31,North Port-Sarasota-Bradenton,FL,1645,1.17
2020-07-31,Little Rock,AR,993,1.95
2020-07-31,Stockton,CA,1972,1.23
2020-07-31,Charleston,SC,1453,0.97
2020-07-31,Syracuse,NY,1141,1.24
2020-07-31,Colorado Springs,CO,1501,0.81
2020-07-31,Winston-Salem,NC,1264,0.4
2020-07-31,Springfield,MA,1374,0.37
2020-07-31,Fort Myers,FL,1475,0.96
2020-07-31,Boise City,ID,1364,1.64
2020-07-31,Toledo,OH,1046,0.38
2020-07-31,Madison,WI,1230,0.9
2020-07-31,Lakeland,FL,1363,0.52
2020-07-31,Ogden,UT,1338,0.75
2020-07-31,Daytona Beach,FL,1401,0.86
2020-07-31,Des Moines,IA,1091,1.11
2020-07-31,Jackson,MS,1207,0.0
2020-07-31,Youngstown,OH,800,0.63
2020-07-31,Augusta,GA,1101,1.76
2020-07-31,Scranton,PA,998,0.1
2020-07-31,Harrisburg,PA,1135,0.53
2020-07-31,Melbourne,FL,1434,0.7
2020-07-31,Chattanooga,TN,1181,1.29
2020-07-31,Spokane,WA,1228,1.15
2020-07-31,Provo,UT,1379,0.95
2020-07-31,Durham,NC,1358,-0.15
2020-07-31,Port St. Lucie,FL,1611,1.26
2020-07-31,Killeen,TX,1048,1.35
2020-07-31,Fort Collins,CO,1591,0.19
2020-07-31,Boulder,CO,1870,0.54
2020-07-31,College Station,TX,1169,-1.68
2020-07-31,Gainesville,GA,1234,-0.48
2020-07-31,Sierra Vista,AZ,924,0.87
2020-08-31,New York,NY,2605,-2.18
2020-08-31,Los Angeles-Long Beach-Anaheim,CA,2438,-0.33
2020-08-31,Chicago,IL,1711,-0.7
2020-08-31,Dallas-Fort Worth,TX,1432,0.07
2020-08-31,Philadelphia,PA,1593,0.19
2020-08-31,Houston,TX,1355,0.0
2020-08-31,Washington,DC,1998,-0.6
2020-08-31,Miami-Fort Lauderdale,FL,1944,0.15
2020-08-31,Atlanta,GA,1496,0.81
2020-08-31,Boston,MA,2484,-1.74
2020-08-31,San Francisco,CA,2977,-2.14
2020-08-31,Detroit,MI,1214,0.58
2020-08-31,Riverside,CA,1975,1.54
2020-08-31,Phoenix,AZ,1430,1.2
2020-08-31,Seattle,WA,1941,-0.51
2020-08-31,Minneapolis-St Paul,MN,1513,0.13
2020-08-31,San Diego,CA,2364,0.3
2020-08-31,St. Louis,MO,1092,0.46
2020-08-31,Tampa,FL,1491,0.81
2020-08-31,Baltimore,MD,1524,-0.07
2020-08-31,Denver,CO,1655,-0.12
2020-08-31,Pittsburgh,PA,1187,-0.08
2020-08-31,Portland,OR,1607,0.5
2020-08-31,Charlotte,NC,1401,0.07
2020-08-31,Sacramento,CA,1885,0.91
2020-08-31,San Antonio,TX,1226,0.66
2020-08-31,Orlando,FL,1525,-0.07
2020-08-31,Cleveland,OH,1177,1.47
2020-08-31,Kansas City,MO,1148,0.26
2020-08-31,Las Vegas,NV,1404,1.3
2020-08-31,Columbus,OH,1223,0.49
2020-08-31,Indianapolis,IN,1221,0.83
2020-08-31,Austin,TX,1450,-0.41
2020-08-31,Virginia Beach,VA,1340,1.06
2020-08-31,Nashville,TN,1478,0.07
2020-08-31,Providence,RI,1523,0.0
2020-08-31,Jacksonville,FL,1352,1.27
2020-08-31,Memphis,TN,1216,1.76
2020-08-31,Oklahoma City,OK,1124,0.27
2020-08-31,Louisville-Jefferson County,KY,1107,0.0
2020-08-31,Hartford,CT,1395,0.36
2020-08-31,New Orleans,LA,1244,-0.32
2020-08-31,Buffalo,NY,1069,0.94
2020-08-31,Raleigh,NC,1393,0.36
2020-08-31,Birmingham,AL,1134,0.44
2020-08-31,Salt Lake City,UT,1315,0.23
2020-08-31,Grand Rapids,MI,1214,-0.49
2020-08-31,Tucson,AZ,1237,1.31
2020-08-31,Urban Honolulu,HI,2326,0.3
2020-08-31,Tulsa,OK,1074,1.42
2020-08-31,Fresno,CA,1581,1.28
2020-08-31,Worcester,MA,1512,0.07
2020-08-31,Stamford,CT,2245,0.36
2020-08-31,Albuquerque,NM,1188,0.93
2020-08-31,Albany,NY,1233,0.33
2020-08-31,Omaha,NE,1077,0.47
2020-08-31,New Haven,CT,1609,0.25
2020-08-31,Bakersfield,CA,1393,2.13
2020-08-31,Knoxville,TN,1259,1.7
2020-08-31,Greenville,SC,1229,0.66
2020-08-31,Ventura,CA,2484,0.77
2020-08-31,Allentown,PA,1439,0.98
2020-08-31,El Paso,TX,1132,0.62
2020-08-31,Baton Rouge,LA,1208,0.75
2020-08-31,Dayton,OH,1074,0.56
2020-08-31,Greensboro,NC,1102,0.18
2020-08-31,Akron,OH,985,0.51
2020-08-31,North Port-Sarasota-Bradenton,FL,1653,0.49
2020-08-31,Little Rock,AR,998,0.5
2020-08-31,Stockton,CA,2005,1.67
2020-08-31,Charleston,SC,1457,0.28
2020-08-31,Syracuse,NY,1155,1.23
2020-08-31,Colorado Springs,CO,1514,0.87
2020-08-31,Winston-Salem,NC,1281,1.34
2020-08-31,Springfield,MA,1356,-1.31
2020-08-31,Fort Myers,FL,1484,0.61
2020-08-31,Boise City,ID,1378,1.03
2020-08-31,Toledo,OH,1043,-0.29
2020-08-31,Madison,WI,1230,0.0
2020-08-31,Lakeland,FL,1375,0.88
2020-08-31,Ogden,UT,1340,0.15
2020-08-31,Daytona Beach,FL,1406,0.36
2020-08-31,Des Moines,IA,1099,0.73
2020-08-31,Jackson,MS,1224,1.41
2020-08-31,Youngstown,OH,791,-1.12
2020-08-31,Augusta,GA,1111,0.91
2020-08-31,Scranton,PA,1002,0.4
2020-08-31,Harrisburg,PA,1150,1.32
2020-08-31,Melbourne,FL,1449,1.05
2020-08-31,Chattanooga,TN,1187,0.51
2020-08-31,Spokane,WA,1233,0.41
2020-08-31,Provo,UT,1380,0.07
2020-08-31,Durham,NC,1361,0.22
2020-08-31,Port St. Lucie,FL,1634,1.43
2020-08-31,Killeen,TX,1062,1.34
2020-08-31,Fort Collins,CO,1579,-0.75
2020-08-31,Boulder,CO,1868,-0.11
2020-08-31,College Station,TX,1159,-0.86
2020-08-31,Gainesville,GA,1246,0.97
2020-08-31,Sierra Vista,AZ,923,-0.11
2020-09-30,New York,NY,2549,-2.15
2020-09-30,Los Angeles-Long Beach-Anaheim,CA,2441,0.12
2020-09-30,Chicago,IL,1693,-1.05
2020-09-30,Dallas-Fort Worth,TX,1434,0.14
2020-09-30,Philadelphia,PA,1593,0.0
2020-09-30,Houston,TX,1358,0.22
2020-09-30,Washington,DC,1981,-0.85
2020-09-30,Miami-Fort Lauderdale,FL,1950,0.31
2020-09-30,Atlanta,GA,1506,0.67
2020-09-30,Boston,MA,2426,-2.33
2020-09-30,San Francisco,CA,2918,-1.98
2020-09-30,Detroit,MI,1223,0.74
2020-09-30,Riverside,CA,2010,1.77
2020-09-30,Phoenix,AZ,1446,1.12
2020-09-30,Seattle,WA,1918,-1.18
2020-09-30,Minneapolis-St Paul,MN,1509,-0.26
2020-09-30,San Diego,CA,2377,0.55
2020-09-30,St. Louis,MO,1097,0.46
2020-09-30,Tampa,FL,1505,0.94
2020-09-30,Baltimore,MD,1530,0.39
2020-09-30,Denver,CO,1653,-0.12
2020-09-30,Pittsburgh,PA,1182,-0.42
2020-09-30,Portland,OR,1610,0.19
2020-09-30,Charlotte,NC,1407,0.43
2020-09-30,Sacramento,CA,1904,1.01
2020-09-30,San Antonio,TX,1228,0.16
2020-09-30,Orlando,FL,1527,0.13
2020-09-30,Cleveland,OH,1175,-0.17
2020-09-30,Kansas City,MO,1163,1.31
2020-09-30,Las Vegas,NV,1418,1.0
2020-09-30,Columbus,OH,1224,0.08
2020-09-30,Indianapolis,IN,1226,0.41
2020-09-30,Austin,TX,1440,-0.69
2020-09-30,Virginia Beach,VA,1348,0.6
2020-09-30,Nashville,TN,1469,-0.61
2020-09-30,Providence,RI,1523,0.0
2020-09-30,Jacksonville,FL,1360,0.59
2020-09-30,Memphis,TN,1225,0.74
2020-09-30,Oklahoma City,OK,1127,0.27
2020-09-30,Louisville-Jefferson County,KY,1113,0.54
2020-09-30,Hartford,CT,1412,1.22
2020-09-30,New Orleans,LA,1261,1.37
2020-09-30,Buffalo,NY,1063,-0.56
2020-09-30,Raleigh,NC,1399,0.43
2020-09-30,Birmingham,AL,1150,1.41
2020-09-30,Salt Lake City,UT,1327,0.91
2020-09-30,Grand Rapids,MI,1220,0.49
2020-09-30,Tucson,AZ,1255,1.46
2020-09-30,Urban Honolulu,HI,2326,0.0
2020-09-30,Tulsa,OK,1075,0.09
2020-09-30,Fresno,CA,1595,0.89
2020-09-30,Worcester,MA,1524,0.79
2020-09-30,Stamford,CT,2268,1.02
2020-09-30,Albuquerque,NM,1208,1.68
2020-09-30,Albany,NY,1251,1.46
2020-09-30,Omaha,NE,1072,-0.46
2020-09-30,New Haven,CT,1617,0.5
2020-09-30,Bakersfield,CA,1392,-0.07
2020-09-30,Knoxville,TN,1270,0.87
2020-09-30,Greenville,SC,1234,0.41
2020-09-30,Ventura,CA,2499,0.6
2020-09-30,Allentown,PA,1459,1.39
2020-09-30,El Paso,TX,1134,0.18
2020-09-30,Baton Rouge,LA,1215,0.58
2020-09-30,Dayton,OH,1075,0.09
2020-09-30,Greensboro,NC,1101,-0.09
2020-09-30,Akron,OH,980,-0.51
2020-09-30,North Port-Sarasota-Bradenton,FL,1664,0.67
2020-09-30,Little Rock,AR,998,0.0
2020-09-30,Stockton,CA,2006,0.05
2020-09-30,Charleston,SC,1464,0.48
2020-09-30,Syracuse,NY,1153,-0.17
2020-09-30,Colorado Springs,CO,1528,0.92
2020-09-30,Winston-Salem,NC,1289,0.62
2020-09-30,Springfield,MA,1370,1.03
2020-09-30,Fort Myers,FL,1507,1.55
2020-09-30,Boise City,ID,1393,1.09
2020-09-30,Toledo,OH,1052,0.86
2020-09-30,Madison,WI,1235,0.41
2020-09-30,Lakeland,FL,1383,0.58
2020-09-30,Ogden,UT,1332,-0.6
2020-09-30,Daytona Beach,FL,1424,1.28
2020-09-30,Des Moines,IA,1098,-0.09
2020-09-30,Jackson,MS,1227,0.25
2020-09-30,Youngstown,OH,817,3.29
2020-09-30,Augusta,GA,1122,0.99
2020-09-30,Scranton,PA,1018,1.6
2020-09-30,Harrisburg,PA,1147,-0.26
2020-09-30,Melbourne,FL,1459,0.69
2020-09-30,Chattanooga,TN,1192,0.42
2020-09-30,Spokane,WA,1261,2.27
2020-09-30,Provo,UT,1363,-1.23
2020-09-30,Durham,NC,1362,0.07
2020-09-30,Port St. Lucie,FL,1672,2.33
2020-09-30,Killeen,TX,1077,1.41
2020-09-30,Fort Collins,CO,1566,-0.82
2020-09-30,Boulder,CO,1876,0.43
2020-09-30,College Station,TX,1189,2.59
2020-09-30,Gainesville,GA,1281,2.81
2020-09-30,Sierra Vista,AZ,931,0.87
2020-10-31,New York,NY,2509,-1.57
2020-10-31,Los Angeles-Long Beach-Anaheim,CA,2449,0.33
2020-10-31,Chicago,IL,1672,-1.24
2020-10-31,Dallas-Fort Worth,TX,1439,0.35
2020-10-31,Philadelphia,PA,1592,-0.06
2020-10-31,Houston,TX,1363,0.37
2020-10-31,Washington,DC,1966,-0.76
2020-10-31,Miami-Fort Lauderdale,FL,1962,0.62
2020-10-31,Atlanta,GA,1517,0.73
2020-10-31,Boston,MA,2375,-2.1
2020-10-31,San Francisco,CA,2877,-1.41
2020-10-31,Detroit,MI,1238,1.23
2020-10-31,Riverside,CA,2039,1.44
2020-10-31,Phoenix,AZ,1461,1.04
2020-10-31,Seattle,WA,1890,-1.46
2020-10-31,Minneapolis-St Paul,MN,1518,0.6
2020-10-31,San Diego,CA,2385,0.34
2020-10-31,St. Louis,MO,1102,0.46
2020-10-31,Tampa,FL,1519,0.93
2020-10-31,Baltimore,MD,1533,0.2
2020-10-31,Denver,CO,1650,-0.18
2020-10-31,Pittsburgh,PA,1188,0.51
2020-10-31,Portland,OR,1605,-0.31
2020-10-31,Charlotte,NC,1412,0.36
2020-10-31,Sacramento,CA,1919,0.79
2020-10-31,San Antonio,TX,1229,0.08
2020-10-31,Orlando,FL,1526,-0.07
2020-10-31,Cleveland,OH,1173,-0.17
2020-10-31,Kansas City,MO,1159,-0.34
2020-10-31,Las Vegas,NV,1434,1.13
2020-10-31,Columbus,OH,1238,1.14
2020-10-31,Indianapolis,IN,1229,0.24
2020-10-31,Austin,TX,1435,-0.35
2020-10-31,Virginia Beach,VA,1355,0.52
2020-10-31,Nashville,TN,1468,-0.07
2020-10-31,Providence,RI,1537,0.92
2020-10-31,Jacksonville,FL,1370,0.74
2020-10-31,Memphis,TN,1232,0.57
2020-10-31,Oklahoma City,OK,1134,0.62
2020-10-31,Louisville-Jefferson County,KY,1117,0.36
2020-10-31,Hartford,CT,1415,0.21
2020-10-31,New Orleans,LA,1268,0.56
2020-10-31,Buffalo,NY,1066,0.28
2020-10-31,Raleigh,NC,1400,0.07
2020-10-31,Birmingham,AL,1143,-0.61
2020-10-31,Salt Lake City,UT,1327,0.0
2020-10-31,Grand Rapids,MI,1230,0.82
2020-10-31,Tucson,AZ,1280,1.99
2020-10-31,Urban Honolulu,HI,2309,-0.73
2020-10-31,Tulsa,OK,1094,1.77
2020-10-31,Fresno,CA,1623,1.76
2020-10-31,Worcester,MA,1531,0.46
2020-10-31,Stamford,CT,2288,0.88
2020-10-31,Albuquerque,NM,1215,0.58
2020-10-31,Albany,NY,1259,0.64
2020-10-31,Omaha,NE,1068,-0.37
2020-10-31,New Haven,CT,1637,1.24
2020-10-31,Bakersfield,CA,1401,0.65
2020-10-31,Knoxville,TN,1288,1.42
2020-10-31,Greenville,SC,1236,0.16
2020-10-31,Ventura,CA,2509,0.4
2020-10-31,Allentown,PA,1478,1.3
2020-10-31,El Paso,TX,1141,0.62
2020-10-31,Baton Rouge,LA,1205,-0.82
2020-10-31,Dayton,OH,1079,0.37
2020-10-31,Greensboro,NC,1116,1.36
2020-10-31,Akron,OH,986,0.61
2020-10-31,North Port-Sarasota-Bradenton,FL,1708,2.64
2020-10-31,Little Rock,AR,999,0.1
2020-10-31,Stockton,CA,2026,1.0
2020-10-31,Charleston,SC,1455,-0.61
2020-10-31,Syracuse,NY,1173,1.73
2020-10-31,Colorado Springs,CO,1533,0.33
2020-10-31,Winston-Salem,NC,1296,0.54
2020-10-31,Springfield,MA,1390,1.46
2020-10-31,Fort Myers,FL,1519,0.8
2020-10-31,Boise City,ID,1402,0.65
2020-10-31,Toledo,OH,1041,-1.05
2020-10-31,Madison,WI,1224,-0.89
2020-10-31,Lakeland,FL,1405,1.59
2020-10-31,Ogden,UT,1351,1.43
2020-10-31,Daytona Beach,FL,1435,0.77
2020-10-31,Des Moines,IA,1099,0.09
2020-10-31,Jackson,MS,1236,0.73
2020-10-31,Youngstown,OH,807,-1.22
2020-10-31,Augusta,GA,1122,0.0
2020-10-31,Scranton,PA,1031,1.28
2020-10-31,Harrisburg,PA,1152,0.44
2020-10-31,Melbourne,FL,1460,0.07
2020-10-31,Chattanooga,TN,1200,0.67
2020-10-31,Spokane,WA,1271,0.79
2020-10-31,Provo,UT,1395,2.35
2020-10-31,Durham,NC,1368,0.44
2020-10-31,Port St. Lucie,FL,1713,2.45
2020-10-31,Killeen,TX,1089,1.11
2020-10-31,Fort Collins,CO,1562,-0.26
2020-10-31,Boulder,CO,1884,0.43
2020-10-31,College Station,TX,1214,2.1
2020-10-31,Gainesville,GA,1267,-1.09
2020-10-31,Sierra Vista,AZ,948,1.83
2020-11-30,New York,NY,2488,-0.84
2020-11-30,Los Angeles-Long Beach-Anaheim,CA,2452,0.12
2020-11-30,Chicago,IL,1659,-0.78
2020-11-30,Dallas-Fort Worth,TX,1442,0.21
2020-11-30,Philadelphia,PA,1594,0.13
2020-11-30,Houston,TX,1368,0.37
2020-11-30,Washington,DC,1948,-0.92
2020-11-30,Miami-Fort Lauderdale,FL,1980,0.92
2020-11-30,Atlanta,GA,1524,0.46
2020-11-30,Boston,MA,2348,-1.14
2020-11-30,San Francisco,CA,2858,-0.66
2020-11-30,Detroit,MI,1238,0.0
2020-11-30,Riverside,CA,2060,1.03
2020-11-30,Phoenix,AZ,1479,1.23
2020-11-30,Seattle,WA,1862,-1.48
2020-11-30,Minneapolis-St Paul,MN,1512,-0.4
2020-11-30,San Diego,CA,2406,0.88
2020-11-30,St. Louis,MO,1100,-0.18
2020-11-30,Tampa,FL,1531,0.79
2020-11-30,Baltimore,MD,1539,0.39
2020-11-30,Denver,CO,1647,-0.18
2020-11-30,Pittsburgh,PA,1193,0.42
2020-11-30,Portland,OR,1603,-0.12
2020-11-30,Charlotte,NC,1421,0.64
2020-11-30,Sacramento,CA,1933,0.73
2020-11-30,San Antonio,TX,1232,0.24
2020-11-30,Orlando,FL,1529,0.2
2020-11-30,Cleveland,OH,1176,0.26
2020-11-30,Kansas City,MO,1157,-0.17
2020-11-30,Las Vegas,NV,1446,0.84
2020-11-30,Columbus,OH,1245,0.57
2020-11-30,Indianapolis,IN,1226,-0.24
2020-11-30,Austin,TX,1439,0.28
2020-11-30,Virginia Beach,VA,1362,0.52
2020-11-30,Nashville,TN,1466,-0.14
2020-11-30,Providence,RI,1569,2.08
2020-11-30,Jacksonville,FL,1372,0.15
2020-11-30,Memphis,TN,1248,1.3
2020-11-30,Oklahoma City,OK,1140,0.53
2020-11-30,Louisville-Jefferson County,KY,1119,0.18
2020-11-30,Hartford,CT,1428,0.92
2020-11-30,New Orleans,LA,1269,0.08
2020-11-30,Buffalo,NY,1067,0.09
2020-11-30,Raleigh,NC,1407,0.5
2020-11-30,Birmingham,AL,1154,0.96
2020-11-30,Salt Lake City,UT,1325,-0.15
2020-11-30,Grand Rapids,MI,1233,0.24
2020-11-30,Tucson,AZ,1285,0.39
2020-11-30,Urban Honolulu,HI,2341,1.39
2020-11-30,Tulsa,OK,1106,1.1
2020-11-30,Fresno,CA,1637,0.86
2020-11-30,Worcester,MA,1535,0.26
2020-11-30,Stamford,CT,2282,-0.26
2020-11-30,Albuquerque,NM,1215,0.0
2020-11-30,Albany,NY,1254,-0.4
2020-11-30,Omaha,NE,1067,-0.09
2020-11-30,New Haven,CT,1652,0.92
2020-11-30,Bakersfield,CA,1406,0.36
2020-11-30,Knoxville,TN,1291,0.23
2020-11-30,Greenville,SC,1242,0.49
2020-11-30,Ventura,CA,2539,1.2
2020-11-30,Allentown,PA,1489,0.74
2020-11-30,El Paso,TX,1159,1.58
2020-11-30,Baton Rouge,LA,1203,-0.17
2020-11-30,Dayton,OH,1086,0.65
2020-11-30,Greensboro,NC,1125,0.81
2020-11-30,Akron,OH,990,0.41
2020-11-30,North Port-Sarasota-Bradenton,FL,1729,1.23
2020-11-30,Little Rock,AR,1002,0.3
2020-11-30,Stockton,CA,2026,0.0
2020-11-30,Charleston,SC,1450,-0.34
2020-11-30,Syracuse,NY,1177,0.34
2020-11-30,Colorado Springs,CO,1541,0.52
2020-11-30,Winston-Salem,NC,1307,0.85
2020-11-30,Springfield,MA,1377,-0.94
2020-11-30,Fort Myers,FL,1536,1.12
2020-11-30,Boise City,ID,1423,1.5
2020-11-30,Toledo,OH,1037,-0.38
2020-11-30,Madison,WI,1233,0.74
2020-11-30,Lakeland,FL,1410,0.36
2020-11-30,Ogden,UT,1371,1.48
2020-11-30,Daytona Beach,FL,1440,0.35
2020-11-30,Des Moines,IA,1098,-0.09
2020-11-30,Jackson,MS,1239,0.24
2020-11-30,Youngstown,OH,827,2.48
2020-11-30,Augusta,GA,1135,1.16
2020-11-30,Scranton,PA,1038,0.68
2020-11-30,Harrisburg,PA,1154,0.17
2020-11-30,Melbourne,FL,1473,0.89
2020-11-30,Chattanooga,TN,1197,-0.25
2020-11-30,Spokane,WA,1257,-1.1
2020-11-30,Provo,UT,1405,0.72
2020-11-30,Durham,NC,1366,-0.15
2020-11-30,Port St. Lucie,FL,1724,0.64
2020-11-30,Killeen,TX,1100,1.01
2020-11-30,Fort Collins,CO,1561,-0.06
2020-11-30,Boulder,CO,1880,-0.21
2020-11-30,College Station,TX,1226,0.99
2020-11-30,Gainesville,GA,1280,1.03
2020-11-30,Sierra Vista,AZ,962,1.48
2020-12-31,New York,NY,2478,-0.4
2020-12-31,Los Angeles-Long Beach-Anaheim,CA,2448,-0.16
2020-12-31,Chicago,IL,1652,-0.42
2020-12-31,Dallas-Fort Worth,TX,1445,0.21
2020-12-31,Philadelphia,PA,1599,0.31
2020-12-31,Houston,TX,1368,0.0
2020-12-31,Washington,DC,1939,-0.46
2020-12-31,Miami-Fort Lauderdale,FL,1994,0.71
2020-12-31,Atlanta,GA,1536,0.79
2020-12-31,Boston,MA,2345,-0.13
2020-12-31,San Francisco,CA,2830,-0.98
2020-12-31,Detroit,MI,1249,0.89
2020-12-31,Riverside,CA,2074,0.68
2020-12-31,Phoenix,AZ,1486,0.47
2020-12-31,Seattle,WA,1842,-1.07
2020-12-31,Minneapolis-St Paul,MN,1508,-0.26
2020-12-31,San Diego,CA,2419,0.54
2020-12-31,St. Louis,MO,1099,-0.09
2020-12-31,Tampa,FL,1540,0.59
2020-12-31,Baltimore,MD,1550,0.71
2020-12-31,Denver,CO,1646,-0.06
2020-12-31,Pittsburgh,PA,1192,-0.08
2020-12-31,Portland,OR,1599,-0.25
2020-12-31,Charlotte,NC,1424,0.21
2020-12-31,Sacramento,CA,1944,0.57
2020-12-31,San Antonio,TX,1235,0.24
2020-12-31,Orlando,FL,1537,0.52
2020-12-31,Cleveland,OH,1186,0.85
2020-12-31,Kansas City,MO,1160,0.26
2020-12-31,Las Vegas,NV,1450,0.28
2020-12-31,Columbus,OH,1246,0.08
2020-12-31,Indianapolis,IN,1237,0.9
2020-12-31,Austin,TX,1441,0.14
2020-12-31,Virginia Beach,VA,1371,0.66
2020-12-31,Nashville,TN,1470,0.27
2020-12-31,Providence,RI,1577,0.51
2020-12-31,Jacksonville,FL,1375,0.22
2020-12-31,Memphis,TN,1243,-0.4
2020-12-31,Oklahoma City,OK,1137,-0.26
2020-12-31,Louisville-Jefferson County,KY,1120,0.09
2020-12-31,Hartford,CT,1425,-0.21
2020-12-31,New Orleans,LA,1279,0.79
2020-12-31,Buffalo,NY,1068,0.09
2020-12-31,Raleigh,NC,1408,0.07
2020-12-31,Birmingham,AL,1161,0.61
2020-12-31,Salt Lake City,UT,1328,0.23
2020-12-31,Grand Rapids,MI,1237,0.32
2020-12-31,Tucson,AZ,1285,0.0
2020-12-31,Urban Honolulu,HI,2348,0.3
2020-12-31,Tulsa,OK,1107,0.09
2020-12-31,Fresno,CA,1642,0.31
2020-12-31,Worcester,MA,1546,0.72
2020-12-31,Stamford,CT,2273,-0.39
2020-12-31,Albuquerque,NM,1214,-0.08
2020-12-31,Albany,NY,1254,0.0
2020-12-31,Omaha,NE,1072,0.47
2020-12-31,New Haven,CT,1642,-0.61
2020-12-31,Bakersfield,CA,1399,-0.5
2020-12-31,Knoxville,TN,1299,0.62
2020-12-31,Greenville,SC,1250,0.64
2020-12-31,Ventura,CA,2584,1.77
2020-12-31,Allentown,PA,1493,0.27
2020-12-31,El Paso,TX,1154,-0.43
2020-12-31,Baton Rouge,LA,1204,0.08
2020-12-31,Dayton,OH,1093,0.64
2020-12-31,Greensboro,NC,1134,0.8
2020-12-31,Akron,OH,983,-0.71
2020-12-31,North Port-Sarasota-Bradenton,FL,1771,2.43
2020-12-31,Little Rock,AR,1007,0.5
2020-12-31,Stockton,CA,2072,2.27
2020-12-31,Charleston,SC,1468,1.24
2020-12-31,Syracuse,NY,1166,-0.93
2020-12-31,Colorado Springs,CO,1540,-0.06
2020-12-31,Winston-Salem,NC,1299,-0.61
2020-12-31,Springfield,MA,1387,0.73
2020-12-31,Fort Myers,FL,1539,0.2
2020-12-31,Boise City,ID,1447,1.69
2020-12-31,Toledo,OH,1052,1.45
2020-12-31,Madison,WI,1237,0.32
2020-12-31,Lakeland,FL,1411,0.07
2020-12-31,Ogden,UT,1368,-0.22
2020-12-31,Daytona Beach,FL,1455,1.04
2020-12-31,Des Moines,IA,1089,-0.82
2020-12-31,Jackson,MS,1232,-0.56
2020-12-31,Youngstown,OH,818,-1.09
2020-12-31,Augusta,GA,1141,0.53
2020-12-31,Scranton,PA,1058,1.93
2020-12-31,Harrisburg,PA,1159,0.43
2020-12-31,Melbourne,FL,1485,0.81
2020-12-31,Chattanooga,TN,1194,-0.25
2020-12-31,Spokane,WA,1261,0.32
2020-12-31,Provo,UT,1410,0.36
2020-12-31,Durham,NC,1375,0.66
2020-12-31,Port St. Lucie,FL,1734,0.58
2020-12-31,Killeen,TX,1104,0.36
2020-12-31,Fort Collins,CO,1571,0.64
2020-12-31,Boulder,CO,1894,0.74
2020-12-31,College Station,TX,1230,0.33
2020-12-31,Gainesville,GA,1312,2.5
2020-12-31,Sierra Vista,AZ,970,0.83
2021-01-31,New York,NY,2479,0.04
2021-01-31,Los Angeles-Long Beach-Anaheim,CA,2448,0.0
2021-01-31,Chicago,IL,1651,-0.06
2021-01-31,Dallas-Fort Worth,TX,1450,0.35
2021-01-31,Philadelphia,PA,1597,-0.13
2021-01-31,Houston,TX,1367,-0.07
2021-01-31,Washington,DC,1939,0.0
2021-01-31,Miami-Fort Lauderdale,FL,2018,1.2
2021-01-31,Atlanta,GA,1548,0.78
2021-01-31,Boston,MA,2361,0.68
2021-01-31,San Francisco,CA,2834,0.14
2021-01-31,Detroit,MI,1255,0.48
2021-01-31,Riverside,CA,2104,1.45
2021-01-31,Phoenix,AZ,1501,1.01
2021-01-31,Seattle,WA,1851,0.49
2021-01-31,Minneapolis-St Paul,MN,1505,-0.2
2021-01-31,San Diego,CA,2424,0.21
2021-01-31,St. Louis,MO,1101,0.18
2021-01-31,Tampa,FL,1549,0.58
2021-01-31,Baltimore,MD,1550,0.0
2021-01-31,Denver,CO,1653,0.43
2021-01-31,Pittsburgh,PA,1192,0.0
2021-01-31,Portland,OR,1613,0.88
2021-01-31,Charlotte,NC,1434,0.7
2021-01-31,Sacramento,CA,1957,0.67
2021-01-31,San Antonio,TX,1239,0.32
2021-01-31,Orlando,FL,1547,0.65
2021-01-31,Cleveland,OH,1188,0.17
2021-01-31,Kansas City,MO,1159,-0.09
2021-01-31,Las Vegas,NV,1462,0.83
2021-01-31,Columbus,OH,1243,-0.24
2021-01-31,Indianapolis,IN,1245,0.65
2021-01-31,Austin,TX,1456,1.04
2021-01-31,Virginia Beach,VA,1373,0.15
2021-01-31,Nashville,TN,1480,0.68
2021-01-31,Providence,RI,1581,0.25
2021-01-31,Jacksonville,FL,1388,0.95
2021-01-31,Memphis,TN,1255,0.97
2021-01-31,Oklahoma City,OK,1139,0.18
2021-01-31,Louisville-Jefferson County,KY,1116,-0.36
2021-01-31,Hartford,CT,1434,0.63
2021-01-31,New Orleans,LA,1289,0.78
2021-01-31,Buffalo,NY,1081,1.22
2021-01-31,Raleigh,NC,1415,0.5
2021-01-31,Birmingham,AL,1166,0.43
2021-01-31,Salt Lake City,UT,1336,0.6
2021-01-31,Grand Rapids,MI,1231,-0.49
2021-01-31,Tucson,AZ,1290,0.39
2021-01-31,Urban Honolulu,HI,2337,-0.47
2021-01-31,Tulsa,OK,1103,-0.36
2021-01-31,Fresno,CA,1657,0.91
2021-01-31,Worcester,MA,1529,-1.1
2021-01-31,Stamford,CT,2286,0.57
2021-01-31,Albuquerque,NM,1213,-0.08
2021-01-31,Albany,NY,1252,-0.16
2021-01-31,Omaha,NE,1073,0.09
2021-01-31,New Haven,CT,1650,0.49
2021-01-31,Bakersfield,CA,1435,2.57
2021-01-31,Knoxville,TN,1303,0.31
2021-01-31,Greenville,SC,1260,0.8
2021-01-31,Ventura,CA,2594,0.39
2021-01-31,Allentown,PA,1510,1.14
2021-01-31,El Paso,TX,1151,-0.26
2021-01-31,Baton Rouge,LA,1216,1.0
2021-01-31,Dayton,OH,1090,-0.27
2021-01-31,Greensboro,NC,1137,0.26
2021-01-31,Akron,OH,1019,3.66
2021-01-31,North Port-Sarasota-Bradenton,FL,1769,-0.11
2021-01-31,Little Rock,AR,1014,0.7
2021-01-31,Stockton,CA,2089,0.82
2021-01-31,Charleston,SC,1484,1.09
2021-01-31,Syracuse,NY,1184,1.54
2021-01-31,Colorado Springs,CO,1550,0.65
2021-01-31,Winston-Salem,NC,1318,1.46
2021-01-31,Springfield,MA,1401,1.01
2021-01-31,Fort Myers,FL,1542,0.19
2021-01-31,Boise City,ID,1459,0.83
2021-01-31,Toledo,OH,1054,0.19
2021-01-31,Madison,WI,1242,0.4
2021-01-31,Lakeland,FL,1419,0.57
2021-01-31,Ogden,UT,1389,1.54
2021-01-31,Daytona Beach,FL,1464,0.62
2021-01-31,Des Moines,IA,1091,0.18
2021-01-31,Jackson,MS,1231,-0.08
2021-01-31,Youngstown,OH,832,1.71
2021-01-31,Augusta,GA,1146,0.44
2021-01-31,Scranton,PA,1053,-0.47
2021-01-31,Harrisburg,PA,1172,1.12
2021-01-31,Melbourne,FL,1506,1.41
2021-01-31,Chattanooga,TN,1195,0.08
2021-01-31,Spokane,WA,1268,0.56
2021-01-31,Provo,UT,1437,1.91
2021-01-31,Durham,NC,1391,1.16
2021-01-31,Port St. Lucie,FL,1751,0.98
2021-01-31,Killeen,TX,1105,0.09
2021-01-31,Fort Collins,CO,1565,-0.38
2021-01-31,Boulder,CO,1907,0.69
2021-01-31,College Station,TX,1246,1.3
2021-01-31,Gainesville,GA,1316,0.3
2021-01-31,Sierra Vista,AZ,959,-1.13
2021-02-28,New York,NY,2484,0.2
2021-02-28,Los Angeles-Long Beach-Anaheim,CA,2457,0.37
2021-02-28,Chicago,IL,1656,0.3
2021-02-28,Dallas-Fort Worth,TX,1459,0.62
2021-02-28,Philadelphia,PA,1599,0.13
2021-02-28,Houston,TX,1364,-0.22
2021-02-28,Washington,DC,1941,0.1
2021-02-28,Miami-Fort Lauderdale,FL,2039,1.04
2021-02-28,Atlanta,GA,1564,1.03
2021-02-28,Boston,MA,2387,1.1
2021-02-28,San Francisco,CA,2837,0.11
2021-02-28,Detroit,MI,1262,0.56
2021-02-28,Riverside,CA,2118,0.67
2021-02-28,Phoenix,AZ,1515,0.93
2021-02-28,Seattle,WA,1861,0.54
2021-02-28,Minneapolis-St Paul,MN,1502,-0.2
2021-02-28,San Diego,CA,2431,0.29
2021-02-28,St. Louis,MO,1107,0.54
2021-02-28,Tampa,FL,1569,1.29
2021-02-28,Baltimore,MD,1561,0.71
2021-02-28,Denver,CO,1657,0.24
2021-02-28,Pittsburgh,PA,1201,0.76
2021-02-28,Portland,OR,1613,0.0
2021-02-28,Charlotte,NC,1443,0.63
2021-02-28,Sacramento,CA,1968,0.56
2021-02-28,San Antonio,TX,1240,0.08
2021-02-28,Orlando,FL,1557,0.65
2021-02-28,Cleveland,OH,1201,1.09
2021-02-28,Kansas City,MO,1161,0.17
2021-02-28,Las Vegas,NV,1479,1.16
2021-02-28,Columbus,OH,1243,0.0
2021-02-28,Indianapolis,IN,1257,0.96
2021-02-28,Austin,TX,1471,1.03
2021-02-28,Virginia Beach,VA,1381,0.58
2021-02-28,Nashville,TN,1482,0.14
2021-02-28,Providence,RI,1597,1.01
2021-02-28,Jacksonville,FL,1403,1.08
2021-02-28,Memphis,TN,1264,0.72
2021-02-28,Oklahoma City,OK,1141,0.18
2021-02-28,Louisville-Jefferson County,KY,1121,0.45
2021-02-28,Hartford,CT,1426,-0.56
2021-02-28,New Orleans,LA,1288,-0.08
2021-02-28,Buffalo,NY,1092,1.02
2021-02-28,Raleigh,NC,1420,0.35
2021-02-28,Birmingham,AL,1169,0.26
2021-02-28,Salt Lake City,UT,1346,0.75
2021-02-28,Grand Rapids,MI,1243,0.97
2021-02-28,Tucson,AZ,1310,1.55
2021-02-28,Urban Honolulu,HI,2380,1.84
2021-02-28,Tulsa,OK,1105,0.18
2021-02-28,Fresno,CA,1686,1.75
2021-02-28,Worcester,MA,1538,0.59
2021-02-28,Stamford,CT,2306,0.87
2021-02-28,Albuquerque,NM,1228,1.24
2021-02-28,Albany,NY,1230,-1.76
2021-02-28,Omaha,NE,1079,0.56
2021-02-28,New Haven,CT,1652,0.12
2021-02-28,Bakersfield,CA,1440,0.35
2021-02-28,Knoxville,TN,1325,1.69
2021-02-28,Greenville,SC,1259,-0.08
2021-02-28,Ventura,CA,2576,-0.69
2021-02-28,Allentown,PA,1516,0.4
2021-02-28,El Paso,TX,1163,1.04
2021-02-28,Baton Rouge,LA,1220,0.33
2021-02-28,Dayton,OH,1103,1.19
2021-02-28,Greensboro,NC,1161,2.11
2021-02-28,Akron,OH,1026,0.69
2021-02-28,North Port-Sarasota-Bradenton,FL,1764,-0.28
2021-02-28,Little Rock,AR,1021,0.69
2021-02-28,Stockton,CA,2102,0.62
2021-02-28,Charleston,SC,1476,-0.54
2021-02-28,Syracuse,NY,1167,-1.44
2021-02-28,Colorado Springs,CO,1572,1.42
2021-02-28,Winston-Salem,NC,1324,0.46
2021-02-28,Springfield,MA,1448,3.35
2021-02-28,Fort Myers,FL,1552,0.65
2021-02-28,Boise City,ID,1491,2.19
2021-02-28,Toledo,OH,1065,1.04
2021-02-28,Madison,WI,1247,0.4
2021-02-28,Lakeland,FL,1421,0.14
2021-02-28,Ogden,UT,1407,1.3
2021-02-28,Daytona Beach,FL,1480,1.09
2021-02-28,Des Moines,IA,1090,-0.09
2021-02-28,Jackson,MS,1239,0.65
2021-02-28,Youngstown,OH,846,1.68
2021-02-28,Augusta,GA,1137,-0.79
2021-02-28,Scranton,PA,1047,-0.57
2021-02-28,Harrisburg,PA,1179,0.6
2021-02-28,Melbourne,FL,1512,0.4
2021-02-28,Chattanooga,TN,1213,1.51
2021-02-28,Spokane,WA,1304,2.84
2021-02-28,Provo,UT,1448,0.77
2021-02-28,Durham,NC,1376,-1.08
2021-02-28,Port St. Lucie,FL,1779,1.6
2021-02-28,Killeen,TX,1116,1.0
2021-02-28,Fort Collins,CO,1594,1.85
2021-02-28,Boulder,CO,1918,0.58
2021-02-28,College Station,TX,1228,-1.44
2021-02-28,Gainesville,GA,1342,1.98
2021-02-28,Sierra Vista,AZ,982,2.4
2021-03-31,New York,NY,2507,0.93
2021-03-31,Los Angeles-Long Beach-Anaheim,CA,2472,0.61
2021-03-31,Chicago,IL,1676,1.21
2021-03-31,Dallas-Fort Worth,TX,1472,0.89
2021-03-31,Philadelphia,PA,1610,0.69
2021-03-31,Houston,TX,1374,0.73
2021-03-31,Washington,DC,1951,0.52
2021-03-31,Miami-Fort Lauderdale,FL,2069,1.47
2021-03-31,Atlanta,GA,1585,1.34
2021-03-31,Boston,MA,2418,1.3
2021-03-31,San Francisco,CA,2873,1.27
2021-03-31,Detroit,MI,1273,0.87
2021-03-31,Riverside,CA,2157,1.84
2021-03-31,Phoenix,AZ,1541,1.72
2021-03-31,Seattle,WA,1884,1.24
2021-03-31,Minneapolis-St Paul,MN,1515,0.87
2021-03-31,San Diego,CA,2453,0.9
2021-03-31,St. Louis,MO,1117,0.9
2021-03-31,Tampa,FL,1583,0.89
2021-03-31,Baltimore,MD,1575,0.9
2021-03-31,Denver,CO,1674,1.03
2021-03-31,Pittsburgh,PA,1209,0.67
2021-03-31,Portland,OR,1627,0.87
2021-03-31,Charlotte,NC,1461,1.25
2021-03-31,Sacramento,CA,1981,0.66
2021-03-31,San Antonio,TX,1252,0.97
2021-03-31,Orlando,FL,1575,1.16
2021-03-31,Cleveland,OH,1214,1.08
2021-03-31,Kansas City,MO,1172,0.95
2021-03-31,Las Vegas,NV,1495,1.08
2021-03-31,Columbus,OH,1256,1.05
2021-03-31,Indianapolis,IN,1263,0.48
2021-03-31,Austin,TX,1494,1.56
2021-03-31,Virginia Beach,VA,1394,0.94
2021-03-31,Nashville,TN,1501,1.28
2021-03-31,Providence,RI,1611,0.88
2021-03-31,Jacksonville,FL,1422,1.35
2021-03-31,Memphis,TN,1280,1.27
2021-03-31,Oklahoma City,OK,1154,1.14
2021-03-31,Louisville-Jefferson County,KY,1127,0.54
2021-03-31,Hartford,CT,1444,1.26
2021-03-31,New Orleans,LA,1289,0.08
2021-03-31,Buffalo,NY,1090,-0.18
2021-03-31,Raleigh,NC,1435,1.06
2021-03-31,Birmingham,AL,1173,0.34
2021-03-31,Salt Lake City,UT,1367,1.56
2021-03-31,Grand Rapids,MI,1265,1.77
2021-03-31,Tucson,AZ,1333,1.76
2021-03-31,Urban Honolulu,HI,2405,1.05
2021-03-31,Tulsa,OK,1123,1.63
2021-03-31,Fresno,CA,1717,1.84
2021-03-31,Worcester,MA,1555,1.11
2021-03-31,Stamford,CT,2328,0.95
2021-03-31,Albuquerque,NM,1244,1.3
2021-03-31,Albany,NY,1252,1.79
2021-03-31,Omaha,NE,1087,0.74
2021-03-31,New Haven,CT,1682,1.82
2021-03-31,Bakersfield,CA,1449,0.63
2021-03-31,Knoxville,TN,1319,-0.45
2021-03-31,Greenville,SC,1279,1.59
2021-03-31,Ventura,CA,2622,1.79
2021-03-31,Allentown,PA,1544,1.85
2021-03-31,El Paso,TX,1174,0.95
2021-03-31,Baton Rouge,LA,1222,0.16
2021-03-31,Dayton,OH,1119,1.45
2021-03-31,Greensboro,NC,1170,0.78
2021-03-31,Akron,OH,1022,-0.39
2021-03-31,North Port-Sarasota-Bradenton,FL,1783,1.08
2021-03-31,Little Rock,AR,1029,0.78
2021-03-31,Stockton,CA,2145,2.05
2021-03-31,Charleston,SC,1503,1.83
2021-03-31,Syracuse,NY,1179,1.03
2021-03-31,Colorado Springs,CO,1593,1.34
2021-03-31,Winston-Salem,NC,1347,1.74
2021-03-31,Springfield,MA,1455,0.48
2021-03-31,Fort Myers,FL,1562,0.64
2021-03-31,Boise City,ID,1530,2.62
2021-03-31,Toledo,OH,1076,1.03
2021-03-31,Madison,WI,1257,0.8
2021-03-31,Lakeland,FL,1444,1.62
2021-03-31,Ogden,UT,1419,0.85
2021-03-31,Daytona Beach,FL,1499,1.28
2021-03-31,Des Moines,IA,1110,1.83
2021-03-31,Jackson,MS,1249,0.81
2021-03-31,Youngstown,OH,848,0.24
2021-03-31,Augusta,GA,1143,0.53
2021-03-31,Scranton,PA,1050,0.29
2021-03-31,Harrisburg,PA,1180,0.08
2021-03-31,Melbourne,FL,1531,1.26
2021-03-31,Chattanooga,TN,1231,1.48
2021-03-31,Spokane,WA,1318,1.07
2021-03-31,Provo,UT,1466,1.24
2021-03-31,Durham,NC,1357,-1.38
2021-03-31,Port St. Lucie,FL,1765,-0.79
2021-03-31,Killeen,TX,1125,0.81
2021-03-31,Fort Collins,CO,1618,1.51
2021-03-31,Boulder,CO,1938,1.04
2021-03-31,College Station,TX,1227,-0.08
2021-03-31,Gainesville,GA,1331,-0.82
2021-03-31,Sierra Vista,AZ,983,0.1
2021-04-30,New York,NY,2545,1.52
2021-04-30,Los Angeles-Long Beach-Anaheim,CA,2494,0.89
2021-04-30,Chicago,IL,1709,1.97
2021-04-30,Dallas-Fort Worth,TX,1498,1.77
2021-04-30,Philadelphia,PA,1628,1.12
2021-04-30,Houston,TX,1389,1.09
2021-04-30,Washington,DC,1975,1.23
2021-04-30,Miami-Fort Lauderdale,FL,2112,2.08
2021-04-30,Atlanta,GA,1615,1.89
2021-04-30,Boston,MA,2456,1.57
2021-04-30,San Francisco,CA,2903,1.04
2021-04-30,Detroit,MI,1291,1.41
2021-04-30,Riverside,CA,2195,1.76
2021-04-30,Phoenix,AZ,1577,2.34
2021-04-30,Seattle,WA,1925,2.18
2021-04-30,Minneapolis-St Paul,MN,1530,0.99
2021-04-30,San Diego,CA,2490,1.51
2021-04-30,St. Louis,MO,1133,1.43
2021-04-30,Tampa,FL,1615,2.02
2021-04-30,Baltimore,MD,1601,1.65
2021-04-30,Denver,CO,1705,1.85
2021-04-30,Pittsburgh,PA,1222,1.08
2021-04-30,Portland,OR,1651,1.48
2021-04-30,Charlotte,NC,1489,1.92
2021-04-30,Sacramento,CA,2005,1.21
2021-04-30,San Antonio,TX,1270,1.44
2021-04-30,Orlando,FL,1607,2.03
2021-04-30,Cleveland,OH,1216,0.16
2021-04-30,Kansas City,MO,1190,1.54
2021-04-30,Las Vegas,NV,1528,2.21
2021-04-30,Columbus,OH,1264,0.64
2021-04-30,Indianapolis,IN,1273,0.79
2021-04-30,Austin,TX,1532,2.54
2021-04-30,Virginia Beach,VA,1417,1.65
2021-04-30,Nashville,TN,1530,1.93
2021-04-30,Providence,RI,1650,2.42
2021-04-30,Jacksonville,FL,1451,2.04
2021-04-30,Memphis,TN,1306,2.03
2021-04-30,Oklahoma City,OK,1169,1.3
2021-04-30,Louisville-Jefferson County,KY,1144,1.51
2021-04-30,Hartford,CT,1463,1.32
2021-04-30,New Orleans,LA,1305,1.24
2021-04-30,Buffalo,NY,1107,1.56
2021-04-30,Raleigh,NC,1458,1.6
2021-04-30,Birmingham,AL,1181,0.68
2021-04-30,Salt Lake City,UT,1397,2.19
2021-04-30,Grand Rapids,MI,1279,1.11
2021-04-30,Tucson,AZ,1362,2.18
2021-04-30,Urban Honolulu,HI,2452,1.95
2021-04-30,Tulsa,OK,1138,1.34
2021-04-30,Fresno,CA,1762,2.62
2021-04-30,Worcester,MA,1582,1.74
2021-04-30,Stamford,CT,2375,2.02
2021-04-30,Albuquerque,NM,1272,2.25
2021-04-30,Albany,NY,1289,2.96
2021-04-30,Omaha,NE,1095,0.74
2021-04-30,New Haven,CT,1687,0.3
2021-04-30,Bakersfield,CA,1477,1.93
2021-04-30,Knoxville,TN,1338,1.44
2021-04-30,Greenville,SC,1295,1.25
2021-04-30,Ventura,CA,2679,2.17
2021-04-30,Allentown,PA,1561,1.1
2021-04-30,El Paso,TX,1190,1.36
2021-04-30,Baton Rouge,LA,1238,1.31
2021-04-30,Dayton,OH,1119,0.0
2021-04-30,Greensboro,NC,1178,0.68
2021-04-30,Akron,OH,1047,2.45
2021-04-30,North Port-Sarasota-Bradenton,FL,1804,1.18
2021-04-30,Little Rock,AR,1044,1.46
2021-04-30,Stockton,CA,2178,1.54
2021-04-30,Charleston,SC,1528,1.66
2021-04-30,Syracuse,NY,1211,2.71
2021-04-30,Colorado Springs,CO,1620,1.69
2021-04-30,Winston-Salem,NC,1368,1.56
2021-04-30,Springfield,MA,1454,-0.07
2021-04-30,Fort Myers,FL,1592,1.92
2021-04-30,Boise City,ID,1570,2.61
2021-04-30,Toledo,OH,1097,1.95
2021-04-30,Madison,WI,1262,0.4
2021-04-30,Lakeland,FL,1467,1.59
2021-04-30,Ogden,UT,1448,2.04
2021-04-30,Daytona Beach,FL,1526,1.8
2021-04-30,Des Moines,IA,1110,0.0
2021-04-30,Jackson,MS,1256,0.56
2021-04-30,Youngstown,OH,868,2.36
2021-04-30,Augusta,GA,1171,2.45
2021-04-30,Scranton,PA,1077,2.57
2021-04-30,Harrisburg,PA,1204,2.03
2021-04-30,Melbourne,FL,1561,1.96
2021-04-30,Chattanooga,TN,1264,2.68
2021-04-30,Spokane,WA,1365,3.57
2021-04-30,Provo,UT,1482,1.09
2021-04-30,Durham,NC,1397,2.95
2021-04-30,Port St. Lucie,FL,1824,3.34
2021-04-30,Killeen,TX,1157,2.84
2021-04-30,Fort Collins,CO,1640,1.36
2021-04-30,Boulder,CO,1962,1.24
2021-04-30,College Station,TX,1230,0.24
2021-04-30,Gainesville,GA,1379,3.61
2021-04-30,Sierra Vista,AZ,987,0.41
2021-05-31,New York,NY,2593,1.89
2021-05-31,Los Angeles-Long Beach-Anaheim,CA,2524,1.2
2021-05-31,Chicago,IL,1739,1.76
2021-05-31,Dallas-Fort Worth,TX,1528,2.0
2021-05-31,Philadelphia,PA,1650,1.35
2021-05-31,Houston,TX,1414,1.8
2021-05-31,Washington,DC,2008,1.67
2021-05-31,Miami-Fort Lauderdale,FL,2160,2.27
2021-05-31,Atlanta,GA,1649,2.11
2021-05-31,Boston,MA,2497,1.67
2021-05-31,San Francisco,CA,2943,1.38
2021-05-31,Detroit,MI,1305,1.08
2021-05-31,Riverside,CA,2225,1.37
2021-05-31,Phoenix,AZ,1626,3.11
2021-05-31,Seattle,WA,1968,2.23
2021-05-31,Minneapolis-St Paul,MN,1547,1.11
2021-05-31,San Diego,CA,2537,1.89
2021-05-31,St. Louis,MO,1146,1.15
2021-05-31,Tampa,FL,1664,3.03
2021-05-31,Baltimore,MD,1627,1.62
2021-05-31,Denver,CO,1742,2.17
2021-05-31,Pittsburgh,PA,1231,0.74
2021-05-31,Portland,OR,1682,1.88
2021-05-31,Charlotte,NC,1515,1.75
2021-05-31,Sacramento,CA,2041,1.8
2021-05-31,San Antonio,TX,1289,1.5
2021-05-31,Orlando,FL,1640,2.05
2021-05-31,Cleveland,OH,1237,1.73
2021-05-31,Kansas City,MO,1208,1.51
2021-05-31,Las Vegas,NV,1578,3.27
2021-05-31,Columbus,OH,1282,1.42
2021-05-31,Indianapolis,IN,1295,1.73
2021-05-31,Austin,TX,1576,2.87
2021-05-31,Virginia Beach,VA,1449,2.26
2021-05-31,Nashville,TN,1560,1.96
2021-05-31,Providence,RI,1695,2.73
2021-05-31,Jacksonville,FL,1484,2.27
2021-05-31,Memphis,TN,1340,2.6
2021-05-31,Oklahoma City,OK,1190,1.8
2021-05-31,Louisville-Jefferson County,KY,1156,1.05
2021-05-31,Hartford,CT,1487,1.64
2021-05-31,New Orleans,LA,1318,1.0
2021-05-31,Buffalo,NY,1118,0.99
2021-05-31,Raleigh,NC,1493,2.4
2021-05-31,Birmingham,AL,1195,1.19
2021-05-31,Salt Lake City,UT,1440,3.08
2021-05-31,Grand Rapids,MI,1298,1.49
2021-05-31,Tucson,AZ,1380,1.32
2021-05-31,Urban Honolulu,HI,2484,1.31
2021-05-31,Tulsa,OK,1150,1.05
2021-05-31,Fresno,CA,1798,2.04
2021-05-31,Worcester,MA,1616,2.15
2021-05-31,Stamford,CT,2418,1.81
2021-05-31,Albuquerque,NM,1295,1.81
2021-05-31,Albany,NY,1316,2.09
2021-05-31,Omaha,NE,1112,1.55
2021-05-31,New Haven,CT,1734,2.79
2021-05-31,Bakersfield,CA,1487,0.68
2021-05-31,Knoxville,TN,1381,3.21
2021-05-31,Greenville,SC,1319,1.85
2021-05-31,Ventura,CA,2700,0.78
2021-05-31,Allentown,PA,1590,1.86
2021-05-31,El Paso,TX,1210,1.68
2021-05-31,Baton Rouge,LA,1235,-0.24
2021-05-31,Dayton,OH,1120,0.09
2021-05-31,Greensboro,NC,1185,0.59
2021-05-31,Akron,OH,1054,0.67
2021-05-31,North Port-Sarasota-Bradenton,FL,1846,2.33
2021-05-31,Little Rock,AR,1050,0.57
2021-05-31,Stockton,CA,2243,2.98
2021-05-31,Charleston,SC,1559,2.03
2021-05-31,Syracuse,NY,1217,0.5
2021-05-31,Colorado Springs,CO,1653,2.04
2021-05-31,Winston-Salem,NC,1397,2.12
2021-05-31,Springfield,MA,1457,0.21
2021-05-31,Fort Myers,FL,1627,2.2
2021-05-31,Boise City,ID,1618,3.06
2021-05-31,Toledo,OH,1142,4.1
2021-05-31,Madison,WI,1266,0.32
2021-05-31,Lakeland,FL,1499,2.18
2021-05-31,Ogden,UT,1485,2.56
2021-05-31,Daytona Beach,FL,1536,0.66
2021-05-31,Des Moines,IA,1119,0.81
2021-05-31,Jackson,MS,1282,2.07
2021-05-31,Youngstown,OH,866,-0.23
2021-05-31,Augusta,GA,1179,0.68
2021-05-31,Scranton,PA,1104,2.51
2021-05-31,Harrisburg,PA,1225,1.74
2021-05-31,Melbourne,FL,1594,2.11
2021-05-31,Chattanooga,TN,1307,3.4
2021-05-31,Spokane,WA,1434,5.05
2021-05-31,Provo,UT,1506,1.62
2021-05-31,Durham,NC,1436,2.79
2021-05-31,Port St. Lucie,FL,1850,1.43
2021-05-31,Killeen,TX,1183,2.25
2021-05-31,Fort Collins,CO,1660,1.22
2021-05-31,Boulder,CO,1986,1.22
2021-05-31,College Station,TX,1218,-0.98
2021-05-31,Gainesville,GA,1436,4.13
2021-05-31,Sierra Vista,AZ,1045,5.88
2021-06-30,New York,NY,2644,1.97
2021-06-30,Los Angeles-Long Beach-Anaheim,CA,2566,1.66
2021-06-30,Chicago,IL,1766,1.55
2021-06-30,Dallas-Fort Worth,TX,1566,2.49
2021-06-30,Philadelphia,PA,1672,1.33
2021-06-30,Houston,TX,1446,2.26
2021-06-30,Washington,DC,2048,1.99
2021-06-30,Miami-Fort Lauderdale,FL,2219,2.73
2021-06-30,Atlanta,GA,1693,2.67
2021-06-30,Boston,MA,2542,1.8
2021-06-30,San Francisco,CA,2999,1.9
2021-06-30,Detroit,MI,1322,1.3
2021-06-30,Riverside,CA,2277,2.34
2021-06-30,Phoenix,AZ,1680,3.32
2021-06-30,Seattle,WA,2022,2.74
2021-06-30,Minneapolis-St Paul,MN,1562,0.97
2021-06-30,San Diego,CA,2581,1.73
2021-06-30,St. Louis,MO,1155,0.79
2021-06-30,Tampa,FL,1723,3.55
2021-06-30,Baltimore,MD,1651,1.48
2021-06-30,Denver,CO,1782,2.3
2021-06-30,Pittsburgh,PA,1246,1.22
2021-06-30,Portland,OR,1713,1.84
2021-06-30,Charlotte,NC,1550,2.31
2021-06-30,Sacramento,CA,2082,2.01
2021-06-30,San Antonio,TX,1314,1.94
2021-06-30,Orlando,FL,1685,2.74
2021-06-30,Cleveland,OH,1251,1.13
2021-06-30,Kansas City,MO,1226,1.49
2021-06-30,Las Vegas,NV,1637,3.74
2021-06-30,Columbus,OH,1296,1.09
2021-06-30,Indianapolis,IN,1321,2.01
2021-06-30,Austin,TX,1629,3.36
2021-06-30,Virginia Beach,VA,1476,1.86
2021-06-30,Nashville,TN,1597,2.37
2021-06-30,Providence,RI,1698,0.18
2021-06-30,Jacksonville,FL,1530,3.1
2021-06-30,Memphis,TN,1361,1.57
2021-06-30,Oklahoma City,OK,1219,2.44
2021-06-30,Louisville-Jefferson County,KY,1162,0.52
2021-06-30,Hartford,CT,1509,1.48
2021-06-30,New Orleans,LA,1313,-0.38
2021-06-30,Buffalo,NY,1130,1.07
2021-06-30,Raleigh,NC,1532,2.61
2021-06-30,Birmingham,AL,1207,1.0
2021-06-30,Salt Lake City,UT,1468,1.94
2021-06-30,Grand Rapids,MI,1322,1.85
2021-06-30,Tucson,AZ,1401,1.52
2021-06-30,Urban Honolulu,HI,2457,-1.09
2021-06-30,Tulsa,OK,1161,0.96
2021-06-30,Fresno,CA,1839,2.28
2021-06-30,Worcester,MA,1632,0.99
2021-06-30,Stamford,CT,2454,1.49
2021-06-30,Albuquerque,NM,1329,2.63
2021-06-30,Albany,NY,1326,0.76
2021-06-30,Omaha,NE,1137,2.25
2021-06-30,New Haven,CT,1770,2.08
2021-06-30,Bakersfield,CA,1502,1.01
2021-06-30,Knoxville,TN,1418,2.68
2021-06-30,Greenville,SC,1349,2.27
2021-06-30,Ventura,CA,2751,1.89
2021-06-30,Allentown,PA,1634,2.77
2021-06-30,El Paso,TX,1199,-0.91
2021-06-30,Baton Rouge,LA,1253,1.46
2021-06-30,Dayton,OH,1140,1.79
2021-06-30,Greensboro,NC,1208,1.94
2021-06-30,Akron,OH,1068,1.33
2021-06-30,North Port-Sarasota-Bradenton,FL,1927,4.39
2021-06-30,Little Rock,AR,1067,1.62
2021-06-30,Stockton,CA,2293,2.23
2021-06-30,Charleston,SC,1598,2.5
2021-06-30,Syracuse,NY,1246,2.38
2021-06-30,Colorado Springs,CO,1687,2.06
2021-06-30,Winston-Salem,NC,1427,2.15
2021-06-30,Springfield,MA,1450,-0.48
2021-06-30,Fort Myers,FL,1674,2.89
2021-06-30,Boise City,ID,1663,2.78
2021-06-30,Toledo,OH,1157,1.31
2021-06-30,Madison,WI,1270,0.32
2021-06-30,Lakeland,FL,1542,2.87
2021-06-30,Ogden,UT,1514,1.95
2021-06-30,Daytona Beach,FL,1560,1.56
2021-06-30,Des Moines,IA,1126,0.63
2021-06-30,Jackson,MS,1307,1.95
2021-06-30,Youngstown,OH,888,2.54
2021-06-30,Augusta,GA,1204,2.12
2021-06-30,Scranton,PA,1122,1.63
2021-06-30,Harrisburg,PA,1258,2.69
2021-06-30,Melbourne,FL,1626,2.01
2021-06-30,Chattanooga,TN,1308,0.08
2021-06-30,Spokane,WA,1478,3.07
2021-06-30,Provo,UT,1530,1.59
2021-06-30,Durham,NC,1472,2.51
2021-06-30,Port St. Lucie,FL,1910,3.24
2021-06-30,Killeen,TX,1221,3.21
2021-06-30,Fort Collins,CO,1690,1.81
2021-06-30,Boulder,CO,2014,1.41
2021-06-30,College Station,TX,1226,0.66
2021-06-30,Gainesville,GA,1467,2.16
2021-06-30,Sierra Vista,AZ,1074,2.78
2021-07-31,New York,NY,2708,2.42
2021-07-31,Los Angeles-Long Beach-Anaheim,CA,2613,1.83
2021-07-31,Chicago,IL,1785,1.08
2021-07-31,Dallas-Fort Worth,TX,1607,2.62
2021-07-31,Philadelphia,PA,1693,1.26
2021-07-31,Houston,TX,1475,2.01
2021-07-31,Washington,DC,2086,1.86
2021-07-31,Miami-Fort Lauderdale,FL,2293,3.33
2021-07-31,Atlanta,GA,1745,3.07
2021-07-31,Boston,MA,2579,1.46
2021-07-31,San Francisco,CA,3058,1.97
2021-07-31,Detroit,MI,1342,1.51
2021-07-31,Riverside,CA,2336,2.59
2021-07-31,Phoenix,AZ,1739,3.51
2021-07-31,Seattle,WA,2074,2.57
2021-07-31,Minneapolis-St Paul,MN,1574,0.77
2021-07-31,San Diego,CA,2643,2.4
2021-07-31,St. Louis,MO,1172,1.47
2021-07-31,Tampa,FL,1792,4.0
2021-07-31,Baltimore,MD,1683,1.94
2021-07-31,Denver,CO,1824,2.36
2021-07-31,Pittsburgh,PA,1252,0.48
2021-07-31,Portland,OR,1747,1.98
2021-07-31,Charlotte,NC,1585,2.26
2021-07-31,Sacramento,CA,2136,2.59
2021-07-31,San Antonio,TX,1347,2.51
2021-07-31,Orlando,FL,1741,3.32
2021-07-31,Cleveland,OH,1267,1.28
2021-07-31,Kansas City,MO,1242,1.31
2021-07-31,Las Vegas,NV,1698,3.73
2021-07-31,Columbus,OH,1321,1.93
2021-07-31,Indianapolis,IN,1347,1.97
2021-07-31,Austin,TX,1693,3.93
2021-07-31,Virginia Beach,VA,1512,2.44
2021-07-31,Nashville,TN,1638,2.57
2021-07-31,Providence,RI,1728,1.77
2021-07-31,Jacksonville,FL,1581,3.33
2021-07-31,Memphis,TN,1378,1.25
2021-07-31,Oklahoma City,OK,1238,1.56
2021-07-31,Louisville-Jefferson County,KY,1175,1.12
2021-07-31,Hartford,CT,1528,1.26
2021-07-31,New Orleans,LA,1336,1.75
2021-07-31,Buffalo,NY,1147,1.5
2021-07-31,Raleigh,NC,1580,3.13
2021-07-31,Birmingham,AL,1233,2.15
2021-07-31,Salt Lake City,UT,1491,1.57
2021-07-31,Grand Rapids,MI,1365,3.25
2021-07-31,Tucson,AZ,1423,1.57
2021-07-31,Urban Honolulu,HI,2504,1.91
2021-07-31,Tulsa,OK,1196,3.01
2021-07-31,Fresno,CA,1899,3.26
2021-07-31,Worcester,MA,1654,1.35
2021-07-31,Stamford,CT,2483,1.18
2021-07-31,Albuquerque,NM,1368,2.93
2021-07-31,Albany,NY,1347,1.58
2021-07-31,Omaha,NE,1151,1.23
2021-07-31,New Haven,CT,1823,2.99
2021-07-31,Bakersfield,CA,1535,2.2
2021-07-31,Knoxville,TN,1462,3.1
2021-07-31,Greenville,SC,1387,2.82
2021-07-31,Ventura,CA,2780,1.05
2021-07-31,Allentown,PA,1663,1.77
2021-07-31,El Paso,TX,1231,2.67
2021-07-31,Baton Rouge,LA,1275,1.76
2021-07-31,Dayton,OH,1173,2.89
2021-07-31,Greensboro,NC,1229,1.74
2021-07-31,Akron,OH,1082,1.31
2021-07-31,North Port-Sarasota-Bradenton,FL,2010,4.31
2021-07-31,Little Rock,AR,1091,2.25
2021-07-31,Stockton,CA,2321,1.22
2021-07-31,Charleston,SC,1646,3.0
2021-07-31,Syracuse,NY,1261,1.2
2021-07-31,Colorado Springs,CO,1731,2.61
2021-07-31,Winston-Salem,NC,1451,1.68
2021-07-31,Springfield,MA,1481,2.14
2021-07-31,Fort Myers,FL,1737,3.76
2021-07-31,Boise City,ID,1704,2.47
2021-07-31,Toledo,OH,1164,0.61
2021-07-31,Madison,WI,1287,1.34
2021-07-31,Lakeland,FL,1577,2.27
2021-07-31,Ogden,UT,1557,2.84
2021-07-31,Daytona Beach,FL,1616,3.59
2021-07-31,Des Moines,IA,1133,0.62
2021-07-31,Jackson,MS,1327,1.53
2021-07-31,Youngstown,OH,892,0.45
2021-07-31,Augusta,GA,1236,2.66
2021-07-31,Scranton,PA,1141,1.69
2021-07-31,Harrisburg,PA,1274,1.27
2021-07-31,Melbourne,FL,1673,2.89
2021-07-31,Chattanooga,TN,1332,1.83
2021-07-31,Spokane,WA,1511,2.23
2021-07-31,Provo,UT,1571,2.68
2021-07-31,Durham,NC,1504,2.17
2021-07-31,Port St. Lucie,FL,1951,2.15
2021-07-31,Killeen,TX,1255,2.78
2021-07-31,Fort Collins,CO,1713,1.36
2021-07-31,Boulder,CO,2046,1.59
2021-07-31,College Station,TX,1245,1.55
2021-07-31,Gainesville,GA,1504,2.52
2021-07-31,Sierra Vista,AZ,1084,0.93
2021-08-31,New York,NY,2757,1.81
2021-08-31,Los Angeles-Long Beach-Anaheim,CA,2671,2.22
2021-08-31,Chicago,IL,1804,1.06
2021-08-31,Dallas-Fort Worth,TX,1644,2.3
2021-08-31,Philadelphia,PA,1724,1.83
2021-08-31,Houston,TX,1499,1.63
2021-08-31,Washington,DC,2122,1.73
2021-08-31,Miami-Fort Lauderdale,FL,2367,3.23
2021-08-31,Atlanta,GA,1802,3.27
2021-08-31,Boston,MA,2602,0.89
2021-08-31,San Francisco,CA,3088,0.98
2021-08-31,Detroit,MI,1358,1.19
2021-08-31,Riverside,CA,2387,2.18
2021-08-31,Phoenix,AZ,1789,2.88
2021-08-31,Seattle,WA,2118,2.12
2021-08-31,Minneapolis-St Paul,MN,1585,0.7
2021-08-31,San Diego,CA,2702,2.23
2021-08-31,St. Louis,MO,1181,0.77
2021-08-31,Tampa,FL,1862,3.91
2021-08-31,Baltimore,MD,1707,1.43
2021-08-31,Denver,CO,1859,1.92
2021-08-31,Pittsburgh,PA,1269,1.36
2021-08-31,Portland,OR,1775,1.6
2021-08-31,Charlotte,NC,1625,2.52
2021-08-31,Sacramento,CA,2160,1.12
2021-08-31,San Antonio,TX,1384,2.75
2021-08-31,Orlando,FL,1795,3.1
2021-08-31,Cleveland,OH,1277,0.79
2021-08-31,Kansas City,MO,1248,0.48
2021-08-31,Las Vegas,NV,1754,3.3
2021-08-31,Columbus,OH,1339,1.36
2021-08-31,Indianapolis,IN,1369,1.63
2021-08-31,Austin,TX,1745,3.07
2021-08-31,Virginia Beach,VA,1536,1.59
2021-08-31,Nashville,TN,1687,2.99
2021-08-31,Providence,RI,1742,0.81
2021-08-31,Jacksonville,FL,1625,2.78
2021-08-31,Memphis,TN,1404,1.89
2021-08-31,Oklahoma City,OK,1256,1.45
2021-08-31,Louisville-Jefferson County,KY,1180,0.43
2021-08-31,Hartford,CT,1538,0.65
2021-08-31,New Orleans,LA,1362,1.95
2021-08-31,Buffalo,NY,1158,0.96
2021-08-31,Raleigh,NC,1617,2.34
2021-08-31,Birmingham,AL,1247,1.14
2021-08-31,Salt Lake City,UT,1510,1.27
2021-08-31,Grand Rapids,MI,1380,1.1
2021-08-31,Tucson,AZ,1471,3.37
2021-08-31,Urban Honolulu,HI,2532,1.12
2021-08-31,Tulsa,OK,1215,1.59
2021-08-31,Fresno,CA,1936,1.95
2021-08-31,Worcester,MA,1675,1.27
2021-08-31,Stamford,CT,2502,0.77
2021-08-31,Albuquerque,NM,1417,3.58
2021-08-31,Albany,NY,1345,-0.15
2021-08-31,Omaha,NE,1156,0.43
2021-08-31,New Haven,CT,1818,-0.27
2021-08-31,Bakersfield,CA,1542,0.46
2021-08-31,Knoxville,TN,1498,2.46
2021-08-31,Greenville,SC,1406,1.37
2021-08-31,Ventura,CA,2807,0.97
2021-08-31,Allentown,PA,1679,0.96
2021-08-31,El Paso,TX,1257,2.11
2021-08-31,Baton Rouge,LA,1290,1.18
2021-08-31,Dayton,OH,1187,1.19
2021-08-31,Greensboro,NC,1249,1.63
2021-08-31,Akron,OH,1093,1.02
2021-08-31,North Port-Sarasota-Bradenton,FL,2102,4.58
2021-08-31,Little Rock,AR,1115,2.2
2021-08-31,Stockton,CA,2338,0.73
2021-08-31,Charleston,SC,1698,3.16
2021-08-31,Syracuse,NY,1270,0.71
2021-08-31,Colorado Springs,CO,1754,1.33
2021-08-31,Winston-Salem,NC,1472,1.45
2021-08-31,Springfield,MA,1473,-0.54
2021-08-31,Fort Myers,FL,1827,5.18
2021-08-31,Boise City,ID,1727,1.35
2021-08-31,Toledo,OH,1189,2.15
2021-08-31,Madison,WI,1286,-0.08
2021-08-31,Lakeland,FL,1614,2.35
2021-08-31,Ogden,UT,1554,-0.19
2021-08-31,Daytona Beach,FL,1627,0.68
2021-08-31,Des Moines,IA,1142,0.79
2021-08-31,Jackson,MS,1322,-0.38
2021-08-31,Youngstown,OH,939,5.27
2021-08-31,Augusta,GA,1250,1.13
2021-08-31,Scranton,PA,1154,1.14
2021-08-31,Harrisburg,PA,1295,1.65
2021-08-31,Melbourne,FL,1726,3.17
2021-08-31,Chattanooga,TN,1364,2.4
2021-08-31,Spokane,WA,1524,0.86
2021-08-31,Provo,UT,1590,1.21
2021-08-31,Durham,NC,1529,1.66
2021-08-31,Port St. Lucie,FL,1990,2.0
2021-08-31,Killeen,TX,1287,2.55
2021-08-31,Fort Collins,CO,1730,0.99
2021-08-31,Boulder,CO,2073,1.32
2021-08-31,College Station,TX,1261,1.29
2021-08-31,Gainesville,GA,1550,3.06
2021-08-31,Sierra Vista,AZ,1058,-2.4
2021-09-30,New York,NY,2799,1.52
2021-09-30,Los Angeles-Long Beach-Anaheim,CA,2708,1.39
2021-09-30,Chicago,IL,1809,0.28
2021-09-30,Dallas-Fort Worth,TX,1667,1.4
2021-09-30,Philadelphia,PA,1736,0.7
2021-09-30,Houston,TX,1504,0.33
2021-09-30,Washington,DC,2139,0.8
2021-09-30,Miami-Fort Lauderdale,FL,2421,2.28
2021-09-30,Atlanta,GA,1836,1.89
2021-09-30,Boston,MA,2631,1.11
2021-09-30,San Francisco,CA,3099,0.36
2021-09-30,Detroit,MI,1362,0.29
2021-09-30,Riverside,CA,2419,1.34
2021-09-30,Phoenix,AZ,1820,1.73
2021-09-30,Seattle,WA,2149,1.46
2021-09-30,Minneapolis-St Paul,MN,1596,0.69
2021-09-30,San Diego,CA,2745,1.59
2021-09-30,St. Louis,MO,1196,1.27
2021-09-30,Tampa,FL,1907,2.42
2021-09-30,Baltimore,MD,1720,0.76
2021-09-30,Denver,CO,1874,0.81
2021-09-30,Pittsburgh,PA,1283,1.1
2021-09-30,Portland,OR,1795,1.13
2021-09-30,Charlotte,NC,1654,1.78
2021-09-30,Sacramento,CA,2174,0.65
2021-09-30,San Antonio,TX,1406,1.59
2021-09-30,Orlando,FL,1832,2.06
2021-09-30,Cleveland,OH,1290,1.02
2021-09-30,Kansas City,MO,1241,-0.56
2021-09-30,Las Vegas,NV,1784,1.71
2021-09-30,Columbus,OH,1342,0.22
2021-09-30,Indianapolis,IN,1385,1.17
2021-09-30,Austin,TX,1769,1.38
2021-09-30,Virginia Beach,VA,1564,1.82
2021-09-30,Nashville,TN,1708,1.24
2021-09-30,Providence,RI,1741,-0.06
2021-09-30,Jacksonville,FL,1663,2.34
2021-09-30,Memphis,TN,1413,0.64
2021-09-30,Oklahoma City,OK,1261,0.4
2021-09-30,Louisville-Jefferson County,KY,1193,1.1
2021-09-30,Hartford,CT,1560,1.43
2021-09-30,New Orleans,LA,1404,3.08
2021-09-30,Buffalo,NY,1164,0.52
2021-09-30,Raleigh,NC,1636,1.18
2021-09-30,Birmingham,AL,1253,0.48
2021-09-30,Salt Lake City,UT,1525,0.99
2021-09-30,Grand Rapids,MI,1372,-0.58
2021-09-30,Tucson,AZ,1490,1.29
2021-09-30,Urban Honolulu,HI,2550,0.71
2021-09-30,Tulsa,OK,1226,0.91
2021-09-30,Fresno,CA,1933,-0.15
2021-09-30,Worcester,MA,1685,0.6
2021-09-30,Stamford,CT,2505,0.12
2021-09-30,Albuquerque,NM,1427,0.71
2021-09-30,Albany,NY,1358,0.97
2021-09-30,Omaha,NE,1159,0.26
2021-09-30,New Haven,CT,1820,0.11
2021-09-30,Bakersfield,CA,1595,3.44
2021-09-30,Knoxville,TN,1528,2.0
2021-09-30,Greenville,SC,1408,0.14
2021-09-30,Ventura,CA,2879,2.57
2021-09-30,Allentown,PA,1687,0.48
2021-09-30,El Paso,TX,1265,0.64
2021-09-30,Baton Rouge,LA,1318,2.17
2021-09-30,Dayton,OH,1211,2.02
2021-09-30,Greensboro,NC,1264,1.2
2021-09-30,Akron,OH,1088,-0.46
2021-09-30,North Port-Sarasota-Bradenton,FL,2159,2.71
2021-09-30,Little Rock,AR,1123,0.72
2021-09-30,Stockton,CA,2355,0.73
2021-09-30,Charleston,SC,1710,0.71
2021-09-30,Syracuse,NY,1346,5.98
2021-09-30,Colorado Springs,CO,1757,0.17
2021-09-30,Winston-Salem,NC,1484,0.82
2021-09-30,Springfield,MA,1465,-0.54
2021-09-30,Fort Myers,FL,1891,3.5
2021-09-30,Boise City,ID,1724,-0.17
2021-09-30,Toledo,OH,1188,-0.08
2021-09-30,Madison,WI,1297,0.86
2021-09-30,Lakeland,FL,1666,3.22
2021-09-30,Ogden,UT,1571,1.09
2021-09-30,Daytona Beach,FL,1665,2.34
2021-09-30,Des Moines,IA,1154,1.05
2021-09-30,Jackson,MS,1316,-0.45
2021-09-30,Youngstown,OH,911,-2.98
2021-09-30,Augusta,GA,1255,0.4
2021-09-30,Scranton,PA,1180,2.25
2021-09-30,Harrisburg,PA,1320,1.93
2021-09-30,Melbourne,FL,1767,2.38
2021-09-30,Chattanooga,TN,1375,0.81
2021-09-30,Spokane,WA,1516,-0.52
2021-09-30,Provo,UT,1605,0.94
2021-09-30,Durham,NC,1554,1.64
2021-09-30,Port St. Lucie,FL,2037,2.36
2021-09-30,Killeen,TX,1298,0.85
2021-09-30,Fort Collins,CO,1732,0.12
2021-09-30,Boulder,CO,2067,-0.29
2021-09-30,College Station,TX,1237,-1.9
2021-09-30,Gainesville,GA,1533,-1.1
2021-09-30,Sierra Vista,AZ,1118,5.67
2021-10-31,New York,NY,2826,0.96
2021-10-31,Los Angeles-Long Beach-Anaheim,CA,2735,1.0
2021-10-31,Chicago,IL,1813,0.22
2021-10-31,Dallas-Fort Worth,TX,1681,0.84
2021-10-31,Philadelphia,PA,1751,0.86
2021-10-31,Houston,TX,1518,0.93
2021-10-31,Washington,DC,2155,0.75
2021-10-31,Miami-Fort Lauderdale,FL,2472,2.11
2021-10-31,Atlanta,GA,1859,1.25
2021-10-31,Boston,MA,2653,0.84
2021-10-31,San Francisco,CA,3110,0.35
2021-10-31,Detroit,MI,1374,0.88
2021-10-31,Riverside,CA,2424,0.21
2021-10-31,Phoenix,AZ,1846,1.43
2021-10-31,Seattle,WA,2159,0.47
2021-10-31,Minneapolis-St Paul,MN,1596,0.0
2021-10-31,San Diego,CA,2782,1.35
2021-10-31,St. Louis,MO,1200,0.33
2021-10-31,Tampa,FL,1940,1.73
2021-10-31,Baltimore,MD,1710,-0.58
2021-10-31,Denver,CO,1879,0.27
2021-10-31,Pittsburgh,PA,1285,0.16
2021-10-31,Portland,OR,1800,0.28
2021-10-31,Charlotte,NC,1671,1.03
2021-10-31,Sacramento,CA,2187,0.6
2021-10-31,San Antonio,TX,1412,0.43
2021-10-31,Orlando,FL,1868,1.97
2021-10-31,Cleveland,OH,1290,0.0
2021-10-31,Kansas City,MO,1257,1.29
2021-10-31,Las Vegas,NV,1803,1.07
2021-10-31,Columbus,OH,1355,0.97
2021-10-31,Indianapolis,IN,1390,0.36
2021-10-31,Austin,TX,1785,0.9
2021-10-31,Virginia Beach,VA,1577,0.83
2021-10-31,Nashville,TN,1727,1.11
2021-10-31,Providence,RI,1746,0.29
2021-10-31,Jacksonville,FL,1676,0.78
2021-10-31,Memphis,TN,1435,1.56
2021-10-31,Oklahoma City,OK,1265,0.32
2021-10-31,Louisville-Jefferson County,KY,1193,0.0
2021-10-31,Hartford,CT,1545,-0.96
2021-10-31,New Orleans,LA,1408,0.28
2021-10-31,Buffalo,NY,1170,0.52
2021-10-31,Raleigh,NC,1650,0.86
2021-10-31,Birmingham,AL,1265,0.96
2021-10-31,Salt Lake City,UT,1555,1.97
2021-10-31,Grand Rapids,MI,1346,-1.9
2021-10-31,Tucson,AZ,1519,1.95
2021-10-31,Urban Honolulu,HI,2572,0.86
2021-10-31,Tulsa,OK,1197,-2.37
2021-10-31,Fresno,CA,1921,-0.62
2021-10-31,Worcester,MA,1698,0.77
2021-10-31,Stamford,CT,2495,-0.4
2021-10-31,Albuquerque,NM,1425,-0.14
2021-10-31,Albany,NY,1360,0.15
2021-10-31,Omaha,NE,1166,0.6
2021-10-31,New Haven,CT,1843,1.26
2021-10-31,Bakersfield,CA,1591,-0.25
2021-10-31,Knoxville,TN,1533,0.33
2021-10-31,Greenville,SC,1429,1.49
2021-10-31,Ventura,CA,2899,0.69
2021-10-31,Allentown,PA,1703,0.95
2021-10-31,El Paso,TX,1278,1.03
2021-10-31,Baton Rouge,LA,1323,0.38
2021-10-31,Dayton,OH,1217,0.5
2021-10-31,Greensboro,NC,1296,2.53
2021-10-31,Akron,OH,1085,-0.28
2021-10-31,North Port-Sarasota-Bradenton,FL,2212,2.45
2021-10-31,Little Rock,AR,1118,-0.45
2021-10-31,Stockton,CA,2353,-0.08
2021-10-31,Charleston,SC,1726,0.94
2021-10-31,Syracuse,NY,1352,0.45
2021-10-31,Colorado Springs,CO,1757,0.0
2021-10-31,Winston-Salem,NC,1496,0.81
2021-10-31,Springfield,MA,1480,1.02
2021-10-31,Fort Myers,FL,1930,2.06
2021-10-31,Boise City,ID,1700,-1.39
2021-10-31,Toledo,OH,1182,-0.51
2021-10-31,Madison,WI,1310,1.0
2021-10-31,Lakeland,FL,1673,0.42
2021-10-31,Ogden,UT,1595,1.53
2021-10-31,Daytona Beach,FL,1684,1.14
2021-10-31,Des Moines,IA,1159,0.43
2021-10-31,Jackson,MS,1323,0.53
2021-10-31,Youngstown,OH,920,0.99
2021-10-31,Augusta,GA,1271,1.27
2021-10-31,Scranton,PA,1177,-0.25
2021-10-31,Harrisburg,PA,1279,-3.11
2021-10-31,Melbourne,FL,1775,0.45
2021-10-31,Chattanooga,TN,1390,1.09
2021-10-31,Spokane,WA,1512,-0.26
2021-10-31,Provo,UT,1668,3.93
2021-10-31,Durham,NC,1573,1.22
2021-10-31,Port St. Lucie,FL,2129,4.52
2021-10-31,Killeen,TX,1331,2.54
2021-10-31,Fort Collins,CO,1757,1.44
2021-10-31,Boulder,CO,2073,0.29
2021-10-31,College Station,TX,1256,1.54
2021-10-31,Gainesville,GA,1532,-0.07
2021-10-31,Sierra Vista,AZ,1175,5.1
2021-11-30,New York,NY,2852,0.92
2021-11-30,Los Angeles-Long Beach-Anaheim,CA,2759,0.88
2021-11-30,Chicago,IL,1818,0.28
2021-11-30,Dallas-Fort Worth,TX,1700,1.13
2021-11-30,Philadelphia,PA,1766,0.86
2021-11-30,Houston,TX,1526,0.53
2021-11-30,Washington,DC,2163,0.37
2021-11-30,Miami-Fort Lauderdale,FL,2540,2.75
2021-11-30,Atlanta,GA,1869,0.54
2021-11-30,Boston,MA,2680,1.02
2021-11-30,San Francisco,CA,3107,-0.1
2021-11-30,Detroit,MI,1381,0.51
2021-11-30,Riverside,CA,2431,0.29
2021-11-30,Phoenix,AZ,1872,1.41
2021-11-30,Seattle,WA,2165,0.28
2021-11-30,Minneapolis-St Paul,MN,1591,-0.31
2021-11-30,San Diego,CA,2810,1.01
2021-11-30,St. Louis,MO,1211,0.92
2021-11-30,Tampa,FL,1966,1.34
2021-11-30,Baltimore,MD,1728,1.05
2021-11-30,Denver,CO,1883,0.21
2021-11-30,Pittsburgh,PA,1296,0.86
2021-11-30,Portland,OR,1806,0.33
2021-11-30,Charlotte,NC,1688,1.02
2021-11-30,Sacramento,CA,2201,0.64
2021-11-30,San Antonio,TX,1417,0.35
2021-11-30,Orlando,FL,1899,1.66
2021-11-30,Cleveland,OH,1297,0.54
2021-11-30,Kansas City,MO,1268,0.88
2021-11-30,Las Vegas,NV,1812,0.5
2021-11-30,Columbus,OH,1366,0.81
2021-11-30,Indianapolis,IN,1391,0.07
2021-11-30,Austin,TX,1786,0.06
2021-11-30,Virginia Beach,VA,1571,-0.38
2021-11-30,Nashville,TN,1743,0.93
2021-11-30,Providence,RI,1756,0.57
2021-11-30,Jacksonville,FL,1697,1.25
2021-11-30,Memphis,TN,1439,0.28
2021-11-30,Oklahoma City,OK,1270,0.4
2021-11-30,Louisville-Jefferson County,KY,1207,1.17
2021-11-30,Hartford,CT,1574,1.88
2021-11-30,New Orleans,LA,1450,2.98
2021-11-30,Buffalo,NY,1159,-0.94
2021-11-30,Raleigh,NC,1659,0.55
2021-11-30,Birmingham,AL,1285,1.58
2021-11-30,Salt Lake City,UT,1568,0.84
2021-11-30,Grand Rapids,MI,1377,2.3
2021-11-30,Tucson,AZ,1530,0.72
2021-11-30,Urban Honolulu,HI,2560,-0.47
2021-11-30,Tulsa,OK,1268,5.93
2021-11-30,Fresno,CA,1944,1.2
2021-11-30,Worcester,MA,1736,2.24
2021-11-30,Stamford,CT,2522,1.08
2021-11-30,Albuquerque,NM,1436,0.77
2021-11-30,Albany,NY,1366,0.44
2021-11-30,Omaha,NE,1171,0.43
2021-11-30,New Haven,CT,1878,1.9
2021-11-30,Bakersfield,CA,1632,2.58
2021-11-30,Knoxville,TN,1533,0.0
2021-11-30,Greenville,SC,1437,0.56
2021-11-30,Ventura,CA,2905,0.21
2021-11-30,Allentown,PA,1718,0.88
2021-11-30,El Paso,TX,1276,-0.16
2021-11-30,Baton Rouge,LA,1314,-0.68
2021-11-30,Dayton,OH,1219,0.16
2021-11-30,Greensboro,NC,1320,1.85
2021-11-30,Akron,OH,1110,2.3
2021-11-30,North Port-Sarasota-Bradenton,FL,2282,3.16
2021-11-30,Little Rock,AR,1129,0.98
2021-11-30,Stockton,CA,2319,-1.44
2021-11-30,Charleston,SC,1749,1.33
2021-11-30,Syracuse,NY,1313,-2.88
2021-11-30,Colorado Springs,CO,1765,0.46
2021-11-30,Winston-Salem,NC,1517,1.4
2021-11-30,Springfield,MA,1509,1.96
2021-11-30,Fort Myers,FL,1984,2.8
2021-11-30,Boise City,ID,1711,0.65
2021-11-30,Toledo,OH,1181,-0.08
2021-11-30,Madison,WI,1308,-0.15
2021-11-30,Lakeland,FL,1700,1.61
2021-11-30,Ogden,UT,1598,0.19
2021-11-30,Daytona Beach,FL,1719,2.08
2021-11-30,Des Moines,IA,1156,-0.26
2021-11-30,Jackson,MS,1332,0.68
2021-11-30,Youngstown,OH,931,1.2
2021-11-30,Augusta,GA,1280,0.71
2021-11-30,Scranton,PA,1184,0.59
2021-11-30,Harrisburg,PA,1304,1.95
2021-11-30,Melbourne,FL,1809,1.92
2021-11-30,Chattanooga,TN,1371,-1.37
2021-11-30,Spokane,WA,1507,-0.33
2021-11-30,Provo,UT,1659,-0.54
2021-11-30,Durham,NC,1580,0.45
2021-11-30,Port St. Lucie,FL,2228,4.65
2021-11-30,Killeen,TX,1339,0.6
2021-11-30,Fort Collins,CO,1757,0.0
2021-11-30,Boulder,CO,2080,0.34
2021-11-30,College Station,TX,1296,3.18
2021-11-30,Gainesville,GA,1561,1.89
2021-11-30,Sierra Vista,AZ,1169,-0.51
2021-12-31,New York,NY,2884,1.12
2021-12-31,Los Angeles-Long Beach-Anaheim,CA,2781,0.8
2021-12-31,Chicago,IL,1832,0.77
2021-12-31,Dallas-Fort Worth,TX,1710,0.59
2021-12-31,Philadelphia,PA,1788,1.25
2021-12-31,Houston,TX,1536,0.66
2021-12-31,Washington,DC,2168,0.23
2021-12-31,Miami-Fort Lauderdale,FL,2610,2.76
2021-12-31,Atlanta,GA,1869,0.0
2021-12-31,Boston,MA,2677,-0.11
2021-12-31,San Francisco,CA,3129,0.71
2021-12-31,Detroit,MI,1389,0.58
2021-12-31,Riverside,CA,2452,0.86
2021-12-31,Phoenix,AZ,1878,0.32
2021-12-31,Seattle,WA,2168,0.14
2021-12-31,Minneapolis-St Paul,MN,1595,0.25
2021-12-31,San Diego,CA,2838,1.0
2021-12-31,St. Louis,MO,1218,0.58
2021-12-31,Tampa,FL,1983,0.86
2021-12-31,Baltimore,MD,1739,0.64
2021-12-31,Denver,CO,1892,0.48
2021-12-31,Pittsburgh,PA,1289,-0.54
2021-12-31,Portland,OR,1810,0.22
2021-12-31,Charlotte,NC,1705,1.01
2021-12-31,Sacramento,CA,2191,-0.45
2021-12-31,San Antonio,TX,1431,0.99
2021-12-31,Orlando,FL,1910,0.58
2021-12-31,Cleveland,OH,1307,0.77
2021-12-31,Kansas City,MO,1277,0.71
2021-12-31,Las Vegas,NV,1817,0.28
2021-12-31,Columbus,OH,1383,1.24
2021-12-31,Indianapolis,IN,1391,0.0
2021-12-31,Austin,TX,1800,0.78
2021-12-31,Virginia Beach,VA,1571,0.0
2021-12-31,Nashville,TN,1754,0.63
2021-12-31,Providence,RI,1781,1.42
2021-12-31,Jacksonville,FL,1714,1.0
2021-12-31,Memphis,TN,1449,0.69
2021-12-31,Oklahoma City,OK,1272,0.16
2021-12-31,Louisville-Jefferson County,KY,1220,1.08
2021-12-31,Hartford,CT,1577,0.19
2021-12-31,New Orleans,LA,1507,3.93
2021-12-31,Buffalo,NY,1176,1.47
2021-12-31,Raleigh,NC,1670,0.66
2021-12-31,Birmingham,AL,1289,0.31
2021-12-31,Salt Lake City,UT,1586,1.15
2021-12-31,Grand Rapids,MI,1399,1.6
2021-12-31,Tucson,AZ,1545,0.98
2021-12-31,Urban Honolulu,HI,2592,1.25
2021-12-31,Tulsa,OK,1285,1.34
2021-12-31,Fresno,CA,1928,-0.82
2021-12-31,Worcester,MA,1728,-0.46
2021-12-31,Stamford,CT,2499,-0.91
2021-12-31,Albuquerque,NM,1453,1.18
2021-12-31,Albany,NY,1377,0.81
2021-12-31,Omaha,NE,1175,0.34
2021-12-31,New Haven,CT,1872,-0.32
2021-12-31,Bakersfield,CA,1667,2.14
2021-12-31,Knoxville,TN,1558,1.63
2021-12-31,Greenville,SC,1431,-0.42
2021-12-31,Ventura,CA,2950,1.55
2021-12-31,Allentown,PA,1746,1.63
2021-12-31,El Paso,TX,1296,1.57
2021-12-31,Baton Rouge,LA,1327,0.99
2021-12-31,Dayton,OH,1213,-0.49
2021-12-31,Greensboro,NC,1327,0.53
2021-12-31,Akron,OH,1106,-0.36
2021-12-31,North Port-Sarasota-Bradenton,FL,2378,4.21
2021-12-31,Little Rock,AR,1135,0.53
2021-12-31,Stockton,CA,2342,0.99
2021-12-31,Charleston,SC,1752,0.17
2021-12-31,Syracuse,NY,1360,3.58
2021-12-31,Colorado Springs,CO,1775,0.57
2021-12-31,Winston-Salem,NC,1498,-1.25
2021-12-31,Springfield,MA,1513,0.27
2021-12-31,Fort Myers,FL,2020,1.81
2021-12-31,Boise City,ID,1706,-0.29
2021-12-31,Toledo,OH,1192,0.93
2021-12-31,Madison,WI,1312,0.31
2021-12-31,Lakeland,FL,1704,0.24
2021-12-31,Ogden,UT,1622,1.5
2021-12-31,Daytona Beach,FL,1736,0.99
2021-12-31,Des Moines,IA,1159,0.26
2021-12-31,Jackson,MS,1331,-0.08
2021-12-31,Youngstown,OH,958,2.9
2021-12-31,Augusta,GA,1279,-0.08
2021-12-31,Scranton,PA,1163,-1.77
2021-12-31,Harrisburg,PA,1322,1.38
2021-12-31,Melbourne,FL,1824,0.83
2021-12-31,Chattanooga,TN,1405,2.48
2021-12-31,Spokane,WA,1489,-1.19
2021-12-31,Provo,UT,1657,-0.12
2021-12-31,Durham,NC,1602,1.39
2021-12-31,Port St. Lucie,FL,2237,0.4
2021-12-31,Killeen,TX,1356,1.27
2021-12-31,Fort Collins,CO,1776,1.08
2021-12-31,Boulder,CO,2104,1.15
2021-12-31,College Station,TX,1310,1.08
2021-12-31,Gainesville,GA,1583,1.41
2021-12-31,Sierra Vista,AZ,1152,-1.45
2022-01-31,New York,NY,2917,1.14
2022-01-31,Los Angeles-Long Beach-Anaheim,CA,2801,0.72
2022-01-31,Chicago,IL,1846,0.76
2022-01-31,Dallas-Fort Worth,TX,1719,0.53
2022-01-31,Philadelphia,PA,1784,-0.22
2022-01-31,Houston,TX,1535,-0.07
2022-01-31,Washington,DC,2172,0.18
2022-01-31,Miami-Fort Lauderdale,FL,2638,1.07
2022-01-31,Atlanta,GA,1875,0.32
2022-01-31,Boston,MA,2686,0.34
2022-01-31,San Francisco,CA,3137,0.26
2022-01-31,Detroit,MI,1386,-0.22
2022-01-31,Riverside,CA,2486,1.39
2022-01-31,Phoenix,AZ,1889,0.59
2022-01-31,Seattle,WA,2170,0.09
2022-01-31,Minneapolis-St Paul,MN,1599,0.25
2022-01-31,San Diego,CA,2840,0.07
2022-01-31,St. Louis,MO,1215,-0.25
2022-01-31,Tampa,FL,1987,0.2
2022-01-31,Baltimore,MD,1742,0.17
2022-01-31,Denver,CO,1904,0.63
2022-01-31,Pittsburgh,PA,1290,0.08
2022-01-31,Portland,OR,1815,0.28
2022-01-31,Charlotte,NC,1712,0.41
2022-01-31,Sacramento,CA,2190,-0.05
2022-01-31,San Antonio,TX,1432,0.07
2022-01-31,Orlando,FL,1918,0.42
2022-01-31,Cleveland,OH,1299,-0.61
2022-01-31,Kansas City,MO,1279,0.16
2022-01-31,Las Vegas,NV,1829,0.66
2022-01-31,Columbus,OH,1375,-0.58
2022-01-31,Indianapolis,IN,1397,0.43
2022-01-31,Austin,TX,1791,-0.5
2022-01-31,Virginia Beach,VA,1557,-0.89
2022-01-31,Nashville,TN,1772,1.03
2022-01-31,Providence,RI,1805,1.35
2022-01-31,Jacksonville,FL,1714,0.0
2022-01-31,Memphis,TN,1453,0.28
2022-01-31,Oklahoma City,OK,1279,0.55
2022-01-31,Louisville-Jefferson County,KY,1228,0.66
2022-01-31,Hartford,CT,1555,-1.4
2022-01-31,New Orleans,LA,1500,-0.46
2022-01-31,Buffalo,NY,1174,-0.17
2022-01-31,Raleigh,NC,1682,0.72
2022-01-31,Birmingham,AL,1293,0.31
2022-01-31,Salt Lake City,UT,1595,0.57
2022-01-31,Grand Rapids,MI,1394,-0.36
2022-01-31,Tucson,AZ,1547,0.13
2022-01-31,Urban Honolulu,HI,2552,-1.54
2022-01-31,Tulsa,OK,1277,-0.62
2022-01-31,Fresno,CA,1935,0.36
2022-01-31,Worcester,MA,1723,-0.29
2022-01-31,Stamford,CT,2519,0.8
2022-01-31,Albuquerque,NM,1440,-0.89
2022-01-31,Albany,NY,1365,-0.87
2022-01-31,Omaha,NE,1171,-0.34
2022-01-31,New Haven,CT,1852,-1.07
2022-01-31,Bakersfield,CA,1704,2.22
2022-01-31,Knoxville,TN,1563,0.32
2022-01-31,Greenville,SC,1433,0.14
2022-01-31,Ventura,CA,2943,-0.24
2022-01-31,Allentown,PA,1772,1.49
2022-01-31,El Paso,TX,1306,0.77
2022-01-31,Baton Rouge,LA,1336,0.68
2022-01-31,Dayton,OH,1222,0.74
2022-01-31,Greensboro,NC,1327,0.0
2022-01-31,Akron,OH,1084,-1.99
2022-01-31,North Port-Sarasota-Bradenton,FL,2367,-0.46
2022-01-31,Little Rock,AR,1122,-1.15
2022-01-31,Stockton,CA,2354,0.51
2022-01-31,Charleston,SC,1738,-0.8
2022-01-31,Syracuse,NY,1300,-4.41
2022-01-31,Colorado Springs,CO,1777,0.11
2022-01-31,Winston-Salem,NC,1519,1.4
2022-01-31,Springfield,MA,1522,0.59
2022-01-31,Fort Myers,FL,2037,0.84
2022-01-31,Boise City,ID,1736,1.76
2022-01-31,Toledo,OH,1182,-0.84
2022-01-31,Madison,WI,1317,0.38
2022-01-31,Lakeland,FL,1715,0.65
2022-01-31,Ogden,UT,1632,0.62
2022-01-31,Daytona Beach,FL,1761,1.44
2022-01-31,Des Moines,IA,1159,0.0
2022-01-31,Jackson,MS,1334,0.23
2022-01-31,Youngstown,OH,970,1.25
2022-01-31,Augusta,GA,1283,0.31
2022-01-31,Scranton,PA,1171,0.69
2022-01-31,Harrisburg,PA,1333,0.83
2022-01-31,Melbourne,FL,1846,1.21
2022-01-31,Chattanooga,TN,1417,0.85
2022-01-31,Spokane,WA,1381,-7.25
2022-01-31,Provo,UT,1667,0.6
2022-01-31,Durham,NC,1600,-0.12
2022-01-31,Port St. Lucie,FL,2275,1.7
2022-01-31,Killeen,TX,1346,-0.74
2022-01-31,Fort Collins,CO,1773,-0.17
2022-01-31,Boulder,CO,2131,1.28
2022-01-31,College Station,TX,1318,0.61
2022-01-31,Gainesville,GA,1600,1.07
2022-01-31,Sierra Vista,AZ,1066,-7.47
2022-02-28,New York,NY,2970,1.82
2022-02-28,Los Angeles-Long Beach-Anaheim,CA,2834,1.18
2022-02-28,Chicago,IL,1860,0.76
2022-02-28,Dallas-Fort Worth,TX,1735,0.93
2022-02-28,Philadelphia,PA,1794,0.56
2022-02-28,Houston,TX,1546,0.72
2022-02-28,Washington,DC,2184,0.55
2022-02-28,Miami-Fort Lauderdale,FL,2693,2.08
2022-02-28,Atlanta,GA,1887,0.64
2022-02-28,Boston,MA,2691,0.19
2022-02-28,San Francisco,CA,3158,0.67
2022-02-28,Detroit,MI,1398,0.87
2022-02-28,Riverside,CA,2515,1.17
2022-02-28,Phoenix,AZ,1900,0.58
2022-02-28,Seattle,WA,2193,1.06
2022-02-28,Minneapolis-St Paul,MN,1615,1.0
2022-02-28,San Diego,CA,2884,1.55
2022-02-28,St. Louis,MO,1228,1.07
2022-02-28,Tampa,FL,2014,1.36
2022-02-28,Baltimore,MD,1751,0.52
2022-02-28,Denver,CO,1919,0.79
2022-02-28,Pittsburgh,PA,1303,1.01
2022-02-28,Portland,OR,1828,0.72
2022-02-28,Charlotte,NC,1721,0.53
2022-02-28,Sacramento,CA,2209,0.87
2022-02-28,San Antonio,TX,1442,0.7
2022-02-28,Orlando,FL,1937,0.99
2022-02-28,Cleveland,OH,1326,2.08
2022-02-28,Kansas City,MO,1293,1.09
2022-02-28,Las Vegas,NV,1827,-0.11
2022-02-28,Columbus,OH,1386,0.8
2022-02-28,Indianapolis,IN,1413,1.15
2022-02-28,Austin,TX,1806,0.84
2022-02-28,Virginia Beach,VA,1565,0.51
2022-02-28,Nashville,TN,1796,1.35
2022-02-28,Providence,RI,1822,0.94
2022-02-28,Jacksonville,FL,1728,0.82
2022-02-28,Memphis,TN,1466,0.89
2022-02-28,Oklahoma City,OK,1286,0.55
2022-02-28,Louisville-Jefferson County,KY,1242,1.14
2022-02-28,Hartford,CT,1572,1.09
2022-02-28,New Orleans,LA,1530,2.0
2022-02-28,Buffalo,NY,1200,2.21
2022-02-28,Raleigh,NC,1693,0.65
2022-02-28,Birmingham,AL,1293,0.0
2022-02-28,Salt Lake City,UT,1619,1.5
2022-02-28,Grand Rapids,MI,1407,0.93
2022-02-28,Tucson,AZ,1576,1.87
2022-02-28,Urban Honolulu,HI,2570,0.71
2022-02-28,Tulsa,OK,1278,0.08
2022-02-28,Fresno,CA,1942,0.36
2022-02-28,Worcester,MA,1762,2.26
2022-02-28,Stamford,CT,2537,0.71
2022-02-28,Albuquerque,NM,1459,1.32
2022-02-28,Albany,NY,1381,1.17
2022-02-28,Omaha,NE,1184,1.11
2022-02-28,New Haven,CT,1861,0.49
2022-02-28,Bakersfield,CA,1722,1.06
2022-02-28,Knoxville,TN,1579,1.02
2022-02-28,Greenville,SC,1439,0.42
2022-02-28,Ventura,CA,2972,0.99
2022-02-28,Allentown,PA,1778,0.34
2022-02-28,El Paso,TX,1347,3.14
2022-02-28,Baton Rouge,LA,1346,0.75
2022-02-28,Dayton,OH,1238,1.31
2022-02-28,Greensboro,NC,1352,1.88
2022-02-28,Akron,OH,1119,3.23
2022-02-28,North Port-Sarasota-Bradenton,FL,2323,-1.86
2022-02-28,Little Rock,AR,1130,0.71
2022-02-28,Stockton,CA,2393,1.66
2022-02-28,Charleston,SC,1746,0.46
2022-02-28,Syracuse,NY,1305,0.38
2022-02-28,Colorado Springs,CO,1793,0.9
2022-02-28,Winston-Salem,NC,1554,2.3
2022-02-28,Springfield,MA,1537,0.99
2022-02-28,Fort Myers,FL,2046,0.44
2022-02-28,Boise City,ID,1740,0.23
2022-02-28,Toledo,OH,1194,1.02
2022-02-28,Madison,WI,1316,-0.08
2022-02-28,Lakeland,FL,1738,1.34
2022-02-28,Ogden,UT,1659,1.65
2022-02-28,Daytona Beach,FL,1802,2.33
2022-02-28,Des Moines,IA,1172,1.12
2022-02-28,Jackson,MS,1352,1.35
2022-02-28,Youngstown,OH,965,-0.52
2022-02-28,Augusta,GA,1311,2.18
2022-02-28,Scranton,PA,1182,0.94
2022-02-28,Harrisburg,PA,1343,0.75
2022-02-28,Melbourne,FL,1853,0.38
2022-02-28,Chattanooga,TN,1453,2.54
2022-02-28,Spokane,WA,1455,5.36
2022-02-28,Provo,UT,1691,1.44
2022-02-28,Durham,NC,1613,0.81
2022-02-28,Port St. Lucie,FL,2222,-2.33
2022-02-28,Killeen,TX,1348,0.15
2022-02-28,Fort Collins,CO,1797,1.35
2022-02-28,Boulder,CO,2147,0.75
2022-02-28,College Station,TX,1333,1.14
2022-02-28,Gainesville,GA,1605,0.31
2022-02-28,Sierra Vista,AZ,1108,3.94
2022-03-31,New York,NY,3019,1.65
2022-03-31,Los Angeles-Long Beach-Anaheim,CA,2863,1.02
2022-03-31,Chicago,IL,1883,1.24
2022-03-31,Dallas-Fort Worth,TX,1744,0.52
2022-03-31,Philadelphia,PA,1808,0.78
2022-03-31,Houston,TX,1556,0.65
2022-03-31,Washington,DC,2197,0.6
2022-03-31,Miami-Fort Lauderdale,FL,2744,1.89
2022-03-31,Atlanta,GA,1897,0.53
2022-03-31,Boston,MA,2714,0.85
2022-03-31,San Francisco,CA,3192,1.08
2022-03-31,Detroit,MI,1409,0.79
2022-03-31,Riverside,CA,2549,1.35
2022-03-31,Phoenix,AZ,1911,0.58
2022-03-31,Seattle,WA,2213,0.91
2022-03-31,Minneapolis-St Paul,MN,1623,0.5
2022-03-31,San Diego,CA,2933,1.7
2022-03-31,St. Louis,MO,1245,1.38
2022-03-31,Tampa,FL,2036,1.09
2022-03-31,Baltimore,MD,1762,0.63
2022-03-31,Denver,CO,1941,1.15
2022-03-31,Pittsburgh,PA,1317,1.07
2022-03-31,Portland,OR,1843,0.82
2022-03-31,Charlotte,NC,1729,0.46
2022-03-31,Sacramento,CA,2233,1.09
2022-03-31,San Antonio,TX,1451,0.62
2022-03-31,Orlando,FL,1969,1.65
2022-03-31,Cleveland,OH,1336,0.75
2022-03-31,Kansas City,MO,1303,0.77
2022-03-31,Las Vegas,NV,1839,0.66
2022-03-31,Columbus,OH,1392,0.43
2022-03-31,Indianapolis,IN,1429,1.13
2022-03-31,Austin,TX,1820,0.78
2022-03-31,Virginia Beach,VA,1579,0.89
2022-03-31,Nashville,TN,1810,0.78
2022-03-31,Providence,RI,1853,1.7
2022-03-31,Jacksonville,FL,1734,0.35
2022-03-31,Memphis,TN,1482,1.09
2022-03-31,Oklahoma City,OK,1299,1.01
2022-03-31,Louisville-Jefferson County,KY,1259,1.37
2022-03-31,Hartford,CT,1600,1.78
2022-03-31,New Orleans,LA,1531,0.07
2022-03-31,Buffalo,NY,1207,0.58
2022-03-31,Raleigh,NC,1706,0.77
2022-03-31,Birmingham,AL,1305,0.93
2022-03-31,Salt Lake City,UT,1645,1.61
2022-03-31,Grand Rapids,MI,1419,0.85
2022-03-31,Tucson,AZ,1588,0.76
2022-03-31,Urban Honolulu,HI,2617,1.83
2022-03-31,Tulsa,OK,1284,0.47
2022-03-31,Fresno,CA,1958,0.82
2022-03-31,Worcester,MA,1792,1.7
2022-03-31,Stamford,CT,2586,1.93
2022-03-31,Albuquerque,NM,1464,0.34
2022-03-31,Albany,NY,1404,1.67
2022-03-31,Omaha,NE,1197,1.1
2022-03-31,New Haven,CT,1886,1.34
2022-03-31,Bakersfield,CA,1725,0.17
2022-03-31,Knoxville,TN,1611,2.03
2022-03-31,Greenville,SC,1458,1.32
2022-03-31,Ventura,CA,3006,1.14
2022-03-31,Allentown,PA,1790,0.67
2022-03-31,El Paso,TX,1374,2.0
2022-03-31,Baton Rouge,LA,1352,0.45
2022-03-31,Dayton,OH,1246,0.65
2022-03-31,Greensboro,NC,1357,0.37
2022-03-31,Akron,OH,1137,1.61
2022-03-31,North Port-Sarasota-Bradenton,FL,2306,-0.73
2022-03-31,Little Rock,AR,1137,0.62
2022-03-31,Stockton,CA,2398,0.21
2022-03-31,Charleston,SC,1758,0.69
2022-03-31,Syracuse,NY,1341,2.76
2022-03-31,Colorado Springs,CO,1813,1.12
2022-03-31,Winston-Salem,NC,1555,0.06
2022-03-31,Springfield,MA,1547,0.65
2022-03-31,Fort Myers,FL,2072,1.27
2022-03-31,Boise City,ID,1774,1.95
2022-03-31,Toledo,OH,1217,1.93
2022-03-31,Madison,WI,1329,0.99
2022-03-31,Lakeland,FL,1785,2.7
2022-03-31,Ogden,UT,1661,0.12
2022-03-31,Daytona Beach,FL,1836,1.89
2022-03-31,Des Moines,IA,1173,0.09
2022-03-31,Jackson,MS,1378,1.92
2022-03-31,Youngstown,OH,967,0.21
2022-03-31,Augusta,GA,1324,0.99
2022-03-31,Scranton,PA,1202,1.69
2022-03-31,Harrisburg,PA,1359,1.19
2022-03-31,Melbourne,FL,1889,1.94
2022-03-31,Chattanooga,TN,1469,1.1
2022-03-31,Spokane,WA,1516,4.19
2022-03-31,Provo,UT,1705,0.83
2022-03-31,Durham,NC,1624,0.68
2022-03-31,Port St. Lucie,FL,2252,1.35
2022-03-31,Killeen,TX,1359,0.82
2022-03-31,Fort Collins,CO,1811,0.78
2022-03-31,Boulder,CO,2185,1.77
2022-03-31,College Station,TX,1346,0.98
2022-03-31,Gainesville,GA,1615,0.62
2022-03-31,Sierra Vista,AZ,1213,9.48
2022-04-30,New York,NY,3072,1.76
2022-04-30,Los Angeles-Long Beach-Anaheim,CA,2900,1.29
2022-04-30,Chicago,IL,1907,1.27
2022-04-30,Dallas-Fort Worth,TX,1771,1.55
2022-04-30,Philadelphia,PA,1821,0.72
2022-04-30,Houston,TX,1568,0.77
2022-04-30,Washington,DC,2221,1.09
2022-04-30,Miami-Fort Lauderdale,FL,2789,1.64
2022-04-30,Atlanta,GA,1904,0.37
2022-04-30,Boston,MA,2758,1.62
2022-04-30,San Francisco,CA,3215,0.72
2022-04-30,Detroit,MI,1436,1.92
2022-04-30,Riverside,CA,2571,0.86
2022-04-30,Phoenix,AZ,1926,0.78
2022-04-30,Seattle,WA,2239,1.17
2022-04-30,Minneapolis-St Paul,MN,1632,0.55
2022-04-30,San Diego,CA,2993,2.05
2022-04-30,St. Louis,MO,1258,1.04
2022-04-30,Tampa,FL,2054,0.88
2022-04-30,Baltimore,MD,1779,0.96
2022-04-30,Denver,CO,1967,1.34
2022-04-30,Pittsburgh,PA,1323,0.46
2022-04-30,Portland,OR,1865,1.19
2022-04-30,Charlotte,NC,1752,1.33
2022-04-30,Sacramento,CA,2250,0.76
2022-04-30,San Antonio,TX,1466,1.03
2022-04-30,Orlando,FL,1993,1.22
2022-04-30,Cleveland,OH,1354,1.35
2022-04-30,Kansas City,MO,1323,1.53
2022-04-30,Las Vegas,NV,1856,0.92
2022-04-30,Columbus,OH,1420,2.01
2022-04-30,Indianapolis,IN,1449,1.4
2022-04-30,Austin,TX,1843,1.26
2022-04-30,Virginia Beach,VA,1591,0.76
2022-04-30,Nashville,TN,1823,0.72
2022-04-30,Providence,RI,1899,2.48
2022-04-30,Jacksonville,FL,1753,1.1
2022-04-30,Memphis,TN,1494,0.81
2022-04-30,Oklahoma City,OK,1316,1.31
2022-04-30,Louisville-Jefferson County,KY,1275,1.27
2022-04-30,Hartford,CT,1629,1.81
2022-04-30,New Orleans,LA,1531,0.0
2022-04-30,Buffalo,NY,1217,0.83
2022-04-30,Raleigh,NC,1722,0.94
2022-04-30,Birmingham,AL,1314,0.69
2022-04-30,Salt Lake City,UT,1670,1.52
2022-04-30,Grand Rapids,MI,1446,1.9
2022-04-30,Tucson,AZ,1595,0.44
2022-04-30,Urban Honolulu,HI,2632,0.57
2022-04-30,Tulsa,OK,1293,0.7
2022-04-30,Fresno,CA,1981,1.17
2022-04-30,Worcester,MA,1821,1.62
2022-04-30,Stamford,CT,2632,1.78
2022-04-30,Albuquerque,NM,1483,1.3
2022-04-30,Albany,NY,1396,-0.57
2022-04-30,Omaha,NE,1221,2.01
2022-04-30,New Haven,CT,1932,2.44
2022-04-30,Bakersfield,CA,1722,-0.17
2022-04-30,Knoxville,TN,1653,2.61
2022-04-30,Greenville,SC,1472,0.96
2022-04-30,Ventura,CA,3031,0.83
2022-04-30,Allentown,PA,1809,1.06
2022-04-30,El Paso,TX,1394,1.46
2022-04-30,Baton Rouge,LA,1364,0.89
2022-04-30,Dayton,OH,1235,-0.88
2022-04-30,Greensboro,NC,1372,1.11
2022-04-30,Akron,OH,1164,2.37
2022-04-30,North Port-Sarasota-Bradenton,FL,2363,2.47
2022-04-30,Little Rock,AR,1137,0.0
2022-04-30,Stockton,CA,2442,1.83
2022-04-30,Charleston,SC,1802,2.5
2022-04-30,Syracuse,NY,1359,1.34
2022-04-30,Colorado Springs,CO,1831,0.99
2022-04-30,Winston-Salem,NC,1567,0.77
2022-04-30,Springfield,MA,1596,3.17
2022-04-30,Fort Myers,FL,2099,1.3
2022-04-30,Boise City,ID,1799,1.41
2022-04-30,Toledo,OH,1234,1.4
2022-04-30,Madison,WI,1347,1.35
2022-04-30,Lakeland,FL,1821,2.02
2022-04-30,Ogden,UT,1700,2.35
2022-04-30,Daytona Beach,FL,1860,1.31
2022-04-30,Des Moines,IA,1188,1.28
2022-04-30,Jackson,MS,1380,0.15
2022-04-30,Youngstown,OH,960,-0.72
2022-04-30,Augusta,GA,1310,-1.06
2022-04-30,Scranton,PA,1232,2.5
2022-04-30,Harrisburg,PA,1375,1.18
2022-04-30,Melbourne,FL,1916,1.43
2022-04-30,Chattanooga,TN,1485,1.09
2022-04-30,Spokane,WA,1536,1.32
2022-04-30,Provo,UT,1729,1.41
2022-04-30,Durham,NC,1637,0.8
2022-04-30,Port St. Lucie,FL,2286,1.51
2022-04-30,Killeen,TX,1379,1.47
2022-04-30,Fort Collins,CO,1825,0.77
2022-04-30,Boulder,CO,2206,0.96
2022-04-30,College Station,TX,1353,0.52
2022-04-30,Gainesville,GA,1606,-0.56
2022-04-30,Sierra Vista,AZ,1237,1.98
2022-05-31,New York,NY,3135,2.05
2022-05-31,Los Angeles-Long Beach-Anaheim,CA,2935,1.21
2022-05-31,Chicago,IL,1931,1.26
2022-05-31,Dallas-Fort Worth,TX,1802,1.75
2022-05-31,Philadelphia,PA,1838,0.93
2022-05-31,Houston,TX,1583,0.96
2022-05-31,Washington,DC,2244,1.04
2022-05-31,Miami-Fort Lauderdale,FL,2834,1.61
2022-05-31,Atlanta,GA,1928,1.26
2022-05-31,Boston,MA,2804,1.67
2022-05-31,San Francisco,CA,3247,1.0
2022-05-31,Detroit,MI,1452,1.11
2022-05-31,Riverside,CA,2584,0.51
2022-05-31,Phoenix,AZ,1940,0.73
2022-05-31,Seattle,WA,2277,1.7
2022-05-31,Minneapolis-St Paul,MN,1650,1.1
2022-05-31,San Diego,CA,3040,1.57
2022-05-31,St. Louis,MO,1275,1.35
2022-05-31,Tampa,FL,2089,1.7
2022-05-31,Baltimore,MD,1792,0.73
2022-05-31,Denver,CO,1993,1.32
2022-05-31,Pittsburgh,PA,1335,0.91
2022-05-31,Portland,OR,1896,1.66
2022-05-31,Charlotte,NC,1785,1.88
2022-05-31,Sacramento,CA,2275,1.11
2022-05-31,San Antonio,TX,1483,1.16
2022-05-31,Orlando,FL,2033,2.01
2022-05-31,Cleveland,OH,1373,1.4
2022-05-31,Kansas City,MO,1342,1.44
2022-05-31,Las Vegas,NV,1879,1.24
2022-05-31,Columbus,OH,1442,1.55
2022-05-31,Indianapolis,IN,1468,1.31
2022-05-31,Austin,TX,1873,1.63
2022-05-31,Virginia Beach,VA,1610,1.19
2022-05-31,Nashville,TN,1851,1.54
2022-05-31,Providence,RI,1956,3.0
2022-05-31,Jacksonville,FL,1776,1.31
2022-05-31,Memphis,TN,1512,1.2
2022-05-31,Oklahoma City,OK,1333,1.29
2022-05-31,Louisville-Jefferson County,KY,1290,1.18
2022-05-31,Hartford,CT,1652,1.41
2022-05-31,New Orleans,LA,1533,0.13
2022-05-31,Buffalo,NY,1230,1.07
2022-05-31,Raleigh,NC,1747,1.45
2022-05-31,Birmingham,AL,1326,0.91
2022-05-31,Salt Lake City,UT,1689,1.14
2022-05-31,Grand Rapids,MI,1487,2.84
2022-05-31,Tucson,AZ,1598,0.19
2022-05-31,Urban Honolulu,HI,2689,2.17
2022-05-31,Tulsa,OK,1304,0.85
2022-05-31,Fresno,CA,2008,1.36
2022-05-31,Worcester,MA,1852,1.7
2022-05-31,Stamford,CT,2675,1.63
2022-05-31,Albuquerque,NM,1523,2.7
2022-05-31,Albany,NY,1417,1.5
2022-05-31,Omaha,NE,1238,1.39
2022-05-31,New Haven,CT,1941,0.47
2022-05-31,Bakersfield,CA,1772,2.9
2022-05-31,Knoxville,TN,1680,1.63
2022-05-31,Greenville,SC,1490,1.22
2022-05-31,Ventura,CA,3069,1.25
2022-05-31,Allentown,PA,1811,0.11
2022-05-31,El Paso,TX,1411,1.22
2022-05-31,Baton Rouge,LA,1375,0.81
2022-05-31,Dayton,OH,1256,1.7
2022-05-31,Greensboro,NC,1396,1.75
2022-05-31,Akron,OH,1167,0.26
2022-05-31,North Port-Sarasota-Bradenton,FL,2367,0.17
2022-05-31,Little Rock,AR,1152,1.32
2022-05-31,Stockton,CA,2454,0.49
2022-05-31,Charleston,SC,1854,2.89
2022-05-31,Syracuse,NY,1386,1.99
2022-05-31,Colorado Springs,CO,1857,1.42
2022-05-31,Winston-Salem,NC,1603,2.3
2022-05-31,Springfield,MA,1581,-0.94
2022-05-31,Fort Myers,FL,2164,3.1
2022-05-31,Boise City,ID,1832,1.83
2022-05-31,Toledo,OH,1265,2.51
2022-05-31,Madison,WI,1368,1.56
2022-05-31,Lakeland,FL,1833,0.66
2022-05-31,Ogden,UT,1720,1.18
2022-05-31,Daytona Beach,FL,1883,1.24
2022-05-31,Des Moines,IA,1204,1.35
2022-05-31,Jackson,MS,1400,1.45
2022-05-31,Youngstown,OH,952,-0.83
2022-05-31,Augusta,GA,1323,0.99
2022-05-31,Scranton,PA,1228,-0.32
2022-05-31,Harrisburg,PA,1382,0.51
2022-05-31,Melbourne,FL,1943,1.41
2022-05-31,Chattanooga,TN,1523,2.56
2022-05-31,Spokane,WA,1574,2.47
2022-05-31,Provo,UT,1759,1.74
2022-05-31,Durham,NC,1669,1.95
2022-05-31,Port St. Lucie,FL,2304,0.79
2022-05-31,Killeen,TX,1389,0.73
2022-05-31,Fort Collins,CO,1855,1.64
2022-05-31,Boulder,CO,2219,0.59
2022-05-31,College Station,TX,1354,0.07
2022-05-31,Gainesville,GA,1627,1.31
2022-05-31,Sierra Vista,AZ,1224,-1.05
2022-06-30,New York,NY,3186,1.63
2022-06-30,Los Angeles-Long Beach-Anaheim,CA,2951,0.55
2022-06-30,Chicago,IL,1947,0.83
2022-06-30,Dallas-Fort Worth,TX,1825,1.28
2022-06-30,Philadelphia,PA,1852,0.76
2022-06-30,Houston,TX,1589,0.38
2022-06-30,Washington,DC,2263,0.85
2022-06-30,Miami-Fort Lauderdale,FL,2848,0.49
2022-06-30,Atlanta,GA,1946,0.93
2022-06-30,Boston,MA,2836,1.14
2022-06-30,San Francisco,CA,3266,0.59
2022-06-30,Detroit,MI,1463,0.76
2022-06-30,Riverside,CA,2601,0.66
2022-06-30,Phoenix,AZ,1938,-0.1
2022-06-30,Seattle,WA,2307,1.32
2022-06-30,Minneapolis-St Paul,MN,1657,0.42
2022-06-30,San Diego,CA,3078,1.25
2022-06-30,St. Louis,MO,1290,1.18
2022-06-30,Tampa,FL,2106,0.81
2022-06-30,Baltimore,MD,1800,0.45
2022-06-30,Denver,CO,2005,0.6
2022-06-30,Pittsburgh,PA,1351,1.2
2022-06-30,Portland,OR,1915,1.0
2022-06-30,Charlotte,NC,1807,1.23
2022-06-30,Sacramento,CA,2292,0.75
2022-06-30,San Antonio,TX,1493,0.67
2022-06-30,Orlando,FL,2062,1.43
2022-06-30,Cleveland,OH,1384,0.8
2022-06-30,Kansas City,MO,1357,1.12
2022-06-30,Las Vegas,NV,1884,0.27
2022-06-30,Columbus,OH,1456,0.97
2022-06-30,Indianapolis,IN,1491,1.57
2022-06-30,Austin,TX,1895,1.17
2022-06-30,Virginia Beach,VA,1627,1.06
2022-06-30,Nashville,TN,1870,1.03
2022-06-30,Providence,RI,1953,-0.15
2022-06-30,Jacksonville,FL,1783,0.39
2022-06-30,Memphis,TN,1516,0.26
2022-06-30,Oklahoma City,OK,1346,0.98
2022-06-30,Louisville-Jefferson County,KY,1301,0.85
2022-06-30,Hartford,CT,1656,0.24
2022-06-30,New Orleans,LA,1538,0.33
2022-06-30,Buffalo,NY,1244,1.14
2022-06-30,Raleigh,NC,1769,1.26
2022-06-30,Birmingham,AL,1332,0.45
2022-06-30,Salt Lake City,UT,1703,0.83
2022-06-30,Grand Rapids,MI,1491,0.27
2022-06-30,Tucson,AZ,1620,1.38
2022-06-30,Urban Honolulu,HI,2670,-0.71
2022-06-30,Tulsa,OK,1317,1.0
2022-06-30,Fresno,CA,1995,-0.65
2022-06-30,Worcester,MA,1881,1.57
2022-06-30,Stamford,CT,2711,1.35
2022-06-30,Albuquerque,NM,1537,0.92
2022-06-30,Albany,NY,1437,1.41
2022-06-30,Omaha,NE,1248,0.81
2022-06-30,New Haven,CT,1953,0.62
2022-06-30,Bakersfield,CA,1778,0.34
2022-06-30,Knoxville,TN,1705,1.49
2022-06-30,Greenville,SC,1513,1.54
2022-06-30,Ventura,CA,3042,-0.88
2022-06-30,Allentown,PA,1823,0.66
2022-06-30,El Paso,TX,1433,1.56
2022-06-30,Baton Rouge,LA,1389,1.02
2022-06-30,Dayton,OH,1261,0.4
2022-06-30,Greensboro,NC,1411,1.07
2022-06-30,Akron,OH,1200,2.83
2022-06-30,North Port-Sarasota-Bradenton,FL,2393,1.1
2022-06-30,Little Rock,AR,1167,1.3
2022-06-30,Stockton,CA,2452,-0.08
2022-06-30,Charleston,SC,1881,1.46
2022-06-30,Syracuse,NY,1399,0.94
2022-06-30,Colorado Springs,CO,1878,1.13
2022-06-30,Winston-Salem,NC,1608,0.31
2022-06-30,Springfield,MA,1594,0.82
2022-06-30,Fort Myers,FL,2162,-0.09
2022-06-30,Boise City,ID,1849,0.93
2022-06-30,Toledo,OH,1294,2.29
2022-06-30,Madison,WI,1381,0.95
2022-06-30,Lakeland,FL,1866,1.8
2022-06-30,Ogden,UT,1755,2.03
2022-06-30,Daytona Beach,FL,1903,1.06
2022-06-30,Des Moines,IA,1216,1.0
2022-06-30,Jackson,MS,1383,-1.21
2022-06-30,Youngstown,OH,960,0.84
2022-06-30,Augusta,GA,1343,1.51
2022-06-30,Scranton,PA,1244,1.3
2022-06-30,Harrisburg,PA,1381,-0.07
2022-06-30,Melbourne,FL,1974,1.6
2022-06-30,Chattanooga,TN,1522,-0.07
2022-06-30,Spokane,WA,1585,0.7
2022-06-30,Provo,UT,1764,0.28
2022-06-30,Durham,NC,1696,1.62
2022-06-30,Port St. Lucie,FL,2292,-0.52
2022-06-30,Killeen,TX,1402,0.94
2022-06-30,Fort Collins,CO,1874,1.02
2022-06-30,Boulder,CO,2221,0.09
2022-06-30,College Station,TX,1356,0.15
2022-06-30,Gainesville,GA,1652,1.54
2022-06-30,Sierra Vista,AZ,1171,-4.33
